,source,type,score,phase,gene_type,gene_name,level,hgnc_id,havana_gene
ENSG00000194717.4,ENSEMBL,gene,,,miRNA,MIR494,3,HGNC:32084,
ENSG00000198973.4,ENSEMBL,gene,,,miRNA,MIR375,3,HGNC:31868,
ENSG00000198974.3,ENSEMBL,gene,,,miRNA,MIR30E,3,HGNC:31629,
ENSG00000198975.2,ENSEMBL,gene,,,miRNA,MIRLET7A2,3,HGNC:31477,
ENSG00000198976.1,ENSEMBL,gene,,,miRNA,MIR429,3,HGNC:13784,
ENSG00000198982.4,ENSEMBL,gene,,,miRNA,MIR380,3,HGNC:31873,
ENSG00000198983.1,ENSEMBL,gene,,,miRNA,MIR449A,3,HGNC:27645,
ENSG00000198984.1,ENSEMBL,gene,,,miRNA,MIR345,3,HGNC:31779,
ENSG00000198987.1,ENSEMBL,gene,,,miRNA,MIR16-2,3,HGNC:31546,
ENSG00000198995.3,ENSEMBL,gene,,,miRNA,MIR340,3,HGNC:31777,
ENSG00000198997.2,ENSEMBL,gene,,,miRNA,MIR107,3,HGNC:31496,
ENSG00000199001.1,ENSEMBL,gene,,,miRNA,MIR448,3,HGNC:26069,
ENSG00000199005.4,ENSEMBL,gene,,,miRNA,MIR370,3,HGNC:31784,
ENSG00000199012.2,ENSEMBL,gene,,,miRNA,MIR412,3,HGNC:32064,
ENSG00000199015.4,ENSEMBL,gene,,,miRNA,MIR377,3,HGNC:31870,
ENSG00000199017.2,ENSEMBL,gene,,,miRNA,MIR1-1,3,HGNC:31499,
ENSG00000199020.3,ENSEMBL,gene,,,miRNA,MIR381,3,HGNC:31874,
ENSG00000199023.3,ENSEMBL,gene,,,miRNA,MIR339,3,HGNC:31776,
ENSG00000199024.1,ENSEMBL,gene,,,miRNA,MIR103A2,3,HGNC:31491,
ENSG00000199025.4,ENSEMBL,gene,,,miRNA,MIR369,3,HGNC:31783,
ENSG00000199030.2,ENSEMBL,gene,,,miRNA,MIRLET7C,3,HGNC:31480,
ENSG00000199032.1,ENSEMBL,gene,,,miRNA,MIR425,3,HGNC:31882,
ENSG00000199035.2,ENSEMBL,gene,,,miRNA,MIR103A1,3,HGNC:31490,
ENSG00000199038.1,ENSEMBL,gene,,,miRNA,MIR210,3,HGNC:31587,
ENSG00000199047.3,ENSEMBL,gene,,,miRNA,MIR378A,3,HGNC:31871,
ENSG00000199051.3,ENSEMBL,gene,,,miRNA,MIR361,3,HGNC:31867,
ENSG00000199053.3,ENSEMBL,gene,,,miRNA,MIR324,3,HGNC:31767,
ENSG00000199059.3,ENSEMBL,gene,,,miRNA,MIR135B,3,HGNC:31760,
ENSG00000199065.3,ENSEMBL,gene,,,miRNA,MIR101-2,3,HGNC:31489,
ENSG00000199069.3,ENSEMBL,gene,,,miRNA,MIR323A,3,HGNC:31766,
ENSG00000199075.1,ENSEMBL,gene,,,miRNA,MIR26A1,3,HGNC:31610,
ENSG00000199077.3,ENSEMBL,gene,,,miRNA,MIR129-2,3,HGNC:31513,
ENSG00000199080.1,ENSEMBL,gene,,,miRNA,MIR133B,3,HGNC:31759,
ENSG00000199082.1,ENSEMBL,gene,,,miRNA,MIR342,3,HGNC:31778,
ENSG00000199085.3,ENSEMBL,gene,,,miRNA,MIR148A,3,HGNC:31535,
ENSG00000199088.5,ENSEMBL,gene,,,miRNA,MIR379,3,HGNC:31872,
ENSG00000199090.1,ENSEMBL,gene,,,miRNA,MIR326,3,HGNC:31769,
ENSG00000199092.4,ENSEMBL,gene,,,miRNA,MIR410,3,HGNC:32065,
ENSG00000199104.2,ENSEMBL,gene,,,miRNA,MIR346,3,HGNC:31780,
ENSG00000199107.3,ENSEMBL,gene,,,miRNA,MIR409,3,HGNC:32055,
ENSG00000199109.4,ENSEMBL,gene,,,miRNA,MIR411,3,HGNC:32792,
ENSG00000199121.4,ENSEMBL,gene,,,miRNA,MIR26B,3,HGNC:31612,
ENSG00000199122.3,ENSEMBL,gene,,,miRNA,MIR148B,3,HGNC:31761,
ENSG00000199127.1,ENSEMBL,gene,,,miRNA,MIR383,3,HGNC:31876,
ENSG00000199130.3,ENSEMBL,gene,,,miRNA,MIR365A,3,HGNC:33692,
ENSG00000199132.1,ENSEMBL,gene,,,miRNA,MIR450A1,3,HGNC:28008,
ENSG00000199135.1,ENSEMBL,gene,,,miRNA,MIR101-1,3,HGNC:31488,
ENSG00000199143.1,ENSEMBL,gene,,,miRNA,MIR373,3,HGNC:31787,
ENSG00000199150.3,ENSEMBL,gene,,,miRNA,MIRLET7G,3,HGNC:31485,
ENSG00000199151.3,ENSEMBL,gene,,,miRNA,MIR337,3,HGNC:31774,
ENSG00000199153.1,ENSEMBL,gene,,,miRNA,MIR30D,3,HGNC:31628,
ENSG00000199156.1,ENSEMBL,gene,,,miRNA,MIR422A,3,HGNC:31879,
ENSG00000199157.2,ENSEMBL,gene,,,miRNA,MIR208A,3,HGNC:31585,
ENSG00000199158.1,ENSEMBL,gene,,,miRNA,MIR96,3,HGNC:31648,
ENSG00000199161.1,ENSEMBL,gene,,,miRNA,MIR126,3,HGNC:31508,
ENSG00000199168.3,ENSEMBL,gene,,,miRNA,MIR374A,3,HGNC:31788,
ENSG00000199172.3,ENSEMBL,gene,,,miRNA,MIR331,3,HGNC:31772,
ENSG00000199177.1,ENSEMBL,gene,,,miRNA,MIR31,3,HGNC:31630,
ENSG00000199179.3,ENSEMBL,gene,,,miRNA,MIRLET7I,3,HGNC:31486,
ENSG00000202560.4,ENSEMBL,gene,,,miRNA,MIR539,3,HGNC:32529,
ENSG00000202569.4,ENSEMBL,gene,,,miRNA,MIR146B,3,HGNC:32079,
ENSG00000202601.4,ENSEMBL,gene,,,miRNA,MIR582,3,HGNC:32838,
ENSG00000202609.4,ENSEMBL,gene,,,miRNA,MIR488,3,HGNC:32073,
ENSG00000207547.1,ENSEMBL,gene,,,miRNA,MIR25,3,HGNC:31609,
ENSG00000207548.3,ENSEMBL,gene,,,miRNA,MIR217,3,HGNC:31594,
ENSG00000207549.1,ENSEMBL,gene,,,miRNA,MIR521-2,3,HGNC:32113,
ENSG00000207550.1,ENSEMBL,gene,,,miRNA,MIR99B,3,HGNC:31651,
ENSG00000207551.1,ENSEMBL,gene,,,miRNA,MIR608,3,HGNC:32864,
ENSG00000207552.1,ENSEMBL,gene,,,miRNA,MIR633,3,HGNC:32889,
ENSG00000207554.1,ENSEMBL,gene,,,miRNA,MIR647,3,HGNC:32903,
ENSG00000207559.1,ENSEMBL,gene,,,miRNA,MIR578,3,HGNC:32834,
ENSG00000207561.1,ENSEMBL,gene,,,miRNA,MIR635,3,HGNC:32891,
ENSG00000207563.1,ENSEMBL,gene,,,miRNA,MIR23B,3,HGNC:31606,
ENSG00000207568.1,ENSEMBL,gene,,,miRNA,MIR203A,3,HGNC:31581,
ENSG00000207571.1,ENSEMBL,gene,,,miRNA,MIR615,3,HGNC:32871,
ENSG00000207574.1,ENSEMBL,gene,,,miRNA,MIR661,3,HGNC:32917,
ENSG00000207575.1,ENSEMBL,gene,,,miRNA,MIR649,3,HGNC:32905,
ENSG00000207577.1,ENSEMBL,gene,,,miRNA,MIR587,3,HGNC:32843,
ENSG00000207578.1,ENSEMBL,gene,,,miRNA,MIR583,3,HGNC:32839,
ENSG00000207580.1,ENSEMBL,gene,,,miRNA,MIR526B,3,HGNC:32100,
ENSG00000207581.1,ENSEMBL,gene,,,miRNA,MIR199B,3,HGNC:31573,
ENSG00000207582.1,ENSEMBL,gene,,,miRNA,MIR30B,3,HGNC:31625,
ENSG00000207583.1,ENSEMBL,gene,,,miRNA,MIR606,3,HGNC:32862,
ENSG00000207585.1,ENSEMBL,gene,,,miRNA,MIR181D,3,HGNC:32089,
ENSG00000207587.1,ENSEMBL,gene,,,miRNA,MIR544A,3,HGNC:32530,
ENSG00000207588.1,ENSEMBL,gene,,,miRNA,MIR593,3,HGNC:32849,
ENSG00000207589.1,ENSEMBL,gene,,,miRNA,MIR508,3,HGNC:32145,
ENSG00000207590.1,ENSEMBL,gene,,,miRNA,MIR215,3,HGNC:31592,
ENSG00000207594.1,ENSEMBL,gene,,,miRNA,MIR520A,3,HGNC:32099,
ENSG00000207595.1,ENSEMBL,gene,,,miRNA,MIR181A2,3,HGNC:31549,
ENSG00000207598.1,ENSEMBL,gene,,,miRNA,MIR124-3,3,HGNC:31504,
ENSG00000207599.1,ENSEMBL,gene,,,miRNA,MIR520E,3,HGNC:32093,
ENSG00000207600.3,ENSEMBL,gene,,,miRNA,MIR598,3,HGNC:32854,
ENSG00000207604.3,ENSEMBL,gene,,,miRNA,MIR206,3,HGNC:31584,
ENSG00000207605.3,ENSEMBL,gene,,,miRNA,MIR191,3,HGNC:31561,
ENSG00000207606.1,ENSEMBL,gene,,,miRNA,MIR554,3,HGNC:32810,
ENSG00000207607.3,ENSEMBL,gene,,,miRNA,MIR200A,3,HGNC:31578,
ENSG00000207609.3,ENSEMBL,gene,,,miRNA,MIR491,3,HGNC:32076,
ENSG00000207611.1,ENSEMBL,gene,,,miRNA,MIR149,3,HGNC:31536,
ENSG00000207612.1,ENSEMBL,gene,,,miRNA,MIR604,3,HGNC:32860,
ENSG00000207613.1,ENSEMBL,gene,,,miRNA,MIR181C,3,HGNC:31552,
ENSG00000207614.1,ENSEMBL,gene,,,miRNA,MIR193A,3,HGNC:31563,
ENSG00000207615.3,ENSEMBL,gene,,,miRNA,MIR515-2,3,HGNC:32097,
ENSG00000207616.1,ENSEMBL,gene,,,miRNA,MIR515-1,3,HGNC:32094,
ENSG00000207619.1,ENSEMBL,gene,,,miRNA,MIR585,3,HGNC:32841,
ENSG00000207620.1,ENSEMBL,gene,,,miRNA,MIR516A2,3,HGNC:32131,
ENSG00000207622.1,ENSEMBL,gene,,,miRNA,MIR619,3,HGNC:32875,
ENSG00000207624.1,ENSEMBL,gene,,,miRNA,MIR194-1,3,HGNC:31564,
ENSG00000207625.1,ENSEMBL,gene,,,miRNA,MIR128-2,3,HGNC:31511,
ENSG00000207626.1,ENSEMBL,gene,,,miRNA,MIR562,3,HGNC:32818,
ENSG00000207627.1,ENSEMBL,gene,,,miRNA,MIR581,3,HGNC:32837,
ENSG00000207628.3,ENSEMBL,gene,,,miRNA,MIR651,3,HGNC:32907,
ENSG00000207629.1,ENSEMBL,gene,,,miRNA,MIR526A1,3,HGNC:32107,
ENSG00000207630.1,ENSEMBL,gene,,,miRNA,MIR7-3,3,HGNC:31640,
ENSG00000207631.1,ENSEMBL,gene,,,miRNA,MIR641,3,HGNC:32897,
ENSG00000207632.1,ENSEMBL,gene,,,miRNA,MIR588,3,HGNC:32844,
ENSG00000207633.3,ENSEMBL,gene,,,miRNA,MIR505,3,HGNC:32140,
ENSG00000207634.1,ENSEMBL,gene,,,miRNA,MIR521-1,3,HGNC:32126,
ENSG00000207635.1,ENSEMBL,gene,,,miRNA,MIR499A,3,HGNC:32133,
ENSG00000207637.1,ENSEMBL,gene,,,miRNA,MIR595,3,HGNC:32851,
ENSG00000207638.1,ENSEMBL,gene,,,miRNA,MIR99A,3,HGNC:31650,
ENSG00000207639.1,ENSEMBL,gene,,,miRNA,MIR193B,3,HGNC:32087,
ENSG00000207641.1,ENSEMBL,gene,,,miRNA,MIR510,3,HGNC:32147,
ENSG00000207642.1,ENSEMBL,gene,,,miRNA,MIR571,3,HGNC:32827,
ENSG00000207644.1,ENSEMBL,gene,,,miRNA,MIR512-2,3,HGNC:32091,
ENSG00000207645.2,ENSEMBL,gene,,,miRNA,MIR512-1,3,HGNC:32090,
ENSG00000207646.1,ENSEMBL,gene,,,miRNA,MIR655,3,HGNC:32911,
ENSG00000207647.1,ENSEMBL,gene,,,miRNA,MIR153-1,3,HGNC:31539,
ENSG00000207649.3,ENSEMBL,gene,,,miRNA,MIR138-2,3,HGNC:31525,
ENSG00000207650.1,ENSEMBL,gene,,,miRNA,MIR570,3,HGNC:32826,
ENSG00000207651.1,ENSEMBL,gene,,,miRNA,MIR28,3,HGNC:31615,
ENSG00000207653.1,ENSEMBL,gene,,,miRNA,MIR558,3,HGNC:32814,
ENSG00000207654.4,ENSEMBL,gene,,,miRNA,MIR128-1,3,HGNC:31510,
ENSG00000207656.1,ENSEMBL,gene,,,miRNA,MIR489,3,HGNC:32074,
ENSG00000207689.1,ENSEMBL,gene,,,miRNA,MIR548A2,3,HGNC:32797,
ENSG00000207691.1,ENSEMBL,gene,,,miRNA,MIR183,3,HGNC:31554,
ENSG00000207692.3,ENSEMBL,gene,,,miRNA,MIR592,3,HGNC:32848,
ENSG00000207693.1,ENSEMBL,gene,,,miRNA,MIR602,3,HGNC:32858,
ENSG00000207695.1,ENSEMBL,gene,,,miRNA,MIR184,3,HGNC:31555,
ENSG00000207696.1,ENSEMBL,gene,,,miRNA,MIR659,3,HGNC:32915,
ENSG00000207697.1,ENSEMBL,gene,,,miRNA,MIR573,3,HGNC:32829,
ENSG00000207698.1,ENSEMBL,gene,,,miRNA,MIR32,3,HGNC:31631,
ENSG00000207699.1,ENSEMBL,gene,,,miRNA,MIR518A2,3,HGNC:32123,
ENSG00000207701.1,ENSEMBL,gene,,,miRNA,MIR597,3,HGNC:32853,
ENSG00000207702.1,ENSEMBL,gene,,,miRNA,MIR211,3,HGNC:31588,
ENSG00000207703.1,ENSEMBL,gene,,,miRNA,MIR7-2,3,HGNC:31639,
ENSG00000207705.2,ENSEMBL,gene,,,miRNA,MIR129-1,3,HGNC:31512,
ENSG00000207706.1,ENSEMBL,gene,,,miRNA,MIR518F,3,HGNC:32104,
ENSG00000207708.1,ENSEMBL,gene,,,miRNA,MIR141,3,HGNC:31528,
ENSG00000207711.1,ENSEMBL,gene,,,miRNA,MIR525,3,HGNC:32102,
ENSG00000207712.1,ENSEMBL,gene,,,miRNA,MIR627,3,HGNC:32883,
ENSG00000207713.3,ENSEMBL,gene,,,miRNA,MIR200C,3,HGNC:31580,
ENSG00000207714.3,ENSEMBL,gene,,,miRNA,MIR584,3,HGNC:32840,
ENSG00000207716.1,ENSEMBL,gene,,,miRNA,MIR572,3,HGNC:32828,
ENSG00000207717.1,ENSEMBL,gene,,,miRNA,MIR551B,3,HGNC:32807,
ENSG00000207719.1,ENSEMBL,gene,,,miRNA,MIR623,3,HGNC:32879,
ENSG00000207721.1,ENSEMBL,gene,,,miRNA,MIR186,3,HGNC:31557,
ENSG00000207722.1,ENSEMBL,gene,,,miRNA,MIR520B,3,HGNC:32105,
ENSG00000207725.3,ENSEMBL,gene,,,miRNA,MIR222,3,HGNC:31602,
ENSG00000207726.3,ENSEMBL,gene,,,miRNA,MIR455,3,HGNC:32344,
ENSG00000207728.1,ENSEMBL,gene,,,miRNA,MIR449B,3,HGNC:32794,
ENSG00000207729.3,ENSEMBL,gene,,,miRNA,MIR556,3,HGNC:32812,
ENSG00000207730.3,ENSEMBL,gene,,,miRNA,MIR200B,3,HGNC:31579,
ENSG00000207731.1,ENSEMBL,gene,,,miRNA,MIR506,3,HGNC:32143,
ENSG00000207732.1,ENSEMBL,gene,,,miRNA,MIR218-1,3,HGNC:31595,
ENSG00000207734.1,ENSEMBL,gene,,,miRNA,MIR517A,3,HGNC:32111,
ENSG00000207735.1,ENSEMBL,gene,,,miRNA,MIR520D,3,HGNC:32114,
ENSG00000207736.1,ENSEMBL,gene,,,miRNA,MIR657,3,HGNC:32913,
ENSG00000207737.1,ENSEMBL,gene,,,miRNA,MIR181B2,3,HGNC:31551,
ENSG00000207738.1,ENSEMBL,gene,,,miRNA,MIR520C,3,HGNC:32108,
ENSG00000207739.1,ENSEMBL,gene,,,miRNA,MIR218-2,3,HGNC:31596,
ENSG00000207741.1,ENSEMBL,gene,,,miRNA,MIR590,3,HGNC:32846,
ENSG00000207742.3,ENSEMBL,gene,,,miRNA,MIR487A,3,HGNC:32343,
ENSG00000207743.3,ENSEMBL,gene,,,miRNA,MIR495,3,HGNC:32085,
ENSG00000207744.1,ENSEMBL,gene,,,miRNA,MIR10B,3,HGNC:31498,
ENSG00000207746.1,ENSEMBL,gene,,,miRNA,MIR575,3,HGNC:32831,
ENSG00000207749.4,ENSEMBL,gene,,,miRNA,MIR299,3,HGNC:31618,
ENSG00000207750.1,ENSEMBL,gene,,,miRNA,MIR553,3,HGNC:32809,
ENSG00000207752.1,ENSEMBL,gene,,,miRNA,MIR199A1,3,HGNC:31571,
ENSG00000207754.3,ENSEMBL,gene,,,miRNA,MIR487B,3,HGNC:32533,
ENSG00000207755.3,ENSEMBL,gene,,,miRNA,MIR450A2,3,HGNC:32137,
ENSG00000207756.1,ENSEMBL,gene,,,miRNA,MIR580,3,HGNC:32836,
ENSG00000207757.1,ENSEMBL,gene,,,miRNA,MIR93,3,HGNC:31645,
ENSG00000207758.1,ENSEMBL,gene,,,miRNA,MIR532,3,HGNC:32795,
ENSG00000207759.1,ENSEMBL,gene,,,miRNA,MIR181A1,3,HGNC:31590,
ENSG00000207761.3,ENSEMBL,gene,,,miRNA,MIR329-1,3,HGNC:32050,
ENSG00000207762.1,ENSEMBL,gene,,,miRNA,MIR329-2,3,HGNC:32051,
ENSG00000207763.1,ENSEMBL,gene,,,miRNA,MIR617,3,HGNC:32873,
ENSG00000207766.1,ENSEMBL,gene,,,miRNA,MIR626,3,HGNC:32882,
ENSG00000207767.3,ENSEMBL,gene,,,miRNA,MIR516A1,3,HGNC:32130,
ENSG00000207768.3,ENSEMBL,gene,,,miRNA,MIR188,3,HGNC:31559,
ENSG00000207769.1,ENSEMBL,gene,,,miRNA,MIR586,3,HGNC:32842,
ENSG00000207773.1,ENSEMBL,gene,,,miRNA,MIR642A,3,HGNC:32898,
ENSG00000207775.1,ENSEMBL,gene,,,miRNA,MIR548A1,3,HGNC:32796,
ENSG00000207776.1,ENSEMBL,gene,,,miRNA,MIR551A,3,HGNC:32806,
ENSG00000207779.1,ENSEMBL,gene,,,miRNA,MIR15B,3,HGNC:31544,
ENSG00000207780.1,ENSEMBL,gene,,,miRNA,MIR648,3,HGNC:32904,
ENSG00000207781.1,ENSEMBL,gene,,,miRNA,MIR625,3,HGNC:32881,
ENSG00000207782.3,ENSEMBL,gene,,,miRNA,MIR150,3,HGNC:31537,
ENSG00000207784.3,ENSEMBL,gene,,,miRNA,MIR542,3,HGNC:32534,
ENSG00000207785.1,ENSEMBL,gene,,,miRNA,MIR500A,3,HGNC:32134,
ENSG00000207788.1,ENSEMBL,gene,,,miRNA,MIR519C,3,HGNC:32098,
ENSG00000207789.1,ENSEMBL,gene,,,miRNA,MIR26A2,3,HGNC:31611,
ENSG00000207797.1,ENSEMBL,gene,,,miRNA,MIR187,3,HGNC:31558,
ENSG00000207798.1,ENSEMBL,gene,,,miRNA,MIR216A,3,HGNC:31593,
ENSG00000207799.1,ENSEMBL,gene,,,miRNA,MIR520G,3,HGNC:32116,
ENSG00000207800.3,ENSEMBL,gene,,,miRNA,MIR504,3,HGNC:32139,
ENSG00000207802.1,ENSEMBL,gene,,,miRNA,MIR646,3,HGNC:32902,
ENSG00000207803.1,ENSEMBL,gene,,,miRNA,MIR518A1,3,HGNC:32120,
ENSG00000207804.1,ENSEMBL,gene,,,miRNA,MIR599,3,HGNC:32855,
ENSG00000207805.3,ENSEMBL,gene,,,miRNA,MIR483,3,HGNC:32340,
ENSG00000207807.1,ENSEMBL,gene,,,miRNA,MIR95,3,HGNC:31647,
ENSG00000207810.1,ENSEMBL,gene,,,miRNA,MIR519E,3,HGNC:32095,
ENSG00000207811.3,ENSEMBL,gene,,,miRNA,MIR34B,3,HGNC:31636,
ENSG00000207813.1,ENSEMBL,gene,,,miRNA,MIR605,3,HGNC:32861,
ENSG00000207814.1,ENSEMBL,gene,,,miRNA,MIR147A,3,HGNC:31534,
ENSG00000207815.1,ENSEMBL,gene,,,miRNA,MIR563,3,HGNC:32819,
ENSG00000207816.1,ENSEMBL,gene,,,miRNA,MIR124-2,3,HGNC:31503,
ENSG00000207818.1,ENSEMBL,gene,,,miRNA,MIR105-2,3,HGNC:31493,
ENSG00000207820.1,ENSEMBL,gene,,,miRNA,MIR545,3,HGNC:32531,
ENSG00000207821.1,ENSEMBL,gene,,,miRNA,MIR640,3,HGNC:32896,
ENSG00000207825.1,ENSEMBL,gene,,,miRNA,MIR519B,3,HGNC:32101,
ENSG00000207826.1,ENSEMBL,gene,,,miRNA,MIR596,3,HGNC:32852,
ENSG00000207827.1,ENSEMBL,gene,,,miRNA,MIR30A,3,HGNC:31624,
ENSG00000207837.1,ENSEMBL,gene,,,miRNA,MIR517B,3,HGNC:32115,
ENSG00000207838.1,ENSEMBL,gene,,,miRNA,MIR517C,3,HGNC:32124,
ENSG00000207839.1,ENSEMBL,gene,,,miRNA,MIR33B,3,HGNC:32791,
ENSG00000207861.1,ENSEMBL,gene,,,miRNA,MIR520H,3,HGNC:32125,
ENSG00000207862.1,ENSEMBL,gene,,,miRNA,MIR518B,3,HGNC:32106,
ENSG00000207864.3,ENSEMBL,gene,,,miRNA,MIR27B,3,HGNC:31614,
ENSG00000207866.1,ENSEMBL,gene,,,miRNA,MIR514A2,3,HGNC:32149,
ENSG00000207867.1,ENSEMBL,gene,,,miRNA,MIR514A3,3,HGNC:32150,
ENSG00000207868.1,ENSEMBL,gene,,,miRNA,MIR514A1,3,HGNC:32148,
ENSG00000207869.1,ENSEMBL,gene,,,miRNA,MIR498,3,HGNC:32092,
ENSG00000207870.1,ENSEMBL,gene,,,miRNA,MIR221,3,HGNC:31601,
ENSG00000207871.2,ENSEMBL,gene,,,miRNA,MIR513B,3,HGNC:33935,
ENSG00000207873.1,ENSEMBL,gene,,,miRNA,MIR513A1,3,HGNC:32141,
ENSG00000207874.1,ENSEMBL,gene,,,miRNA,MIR610,3,HGNC:32866,
ENSG00000207922.1,ENSEMBL,gene,,,miRNA,AC104450.1,3,,
ENSG00000207923.1,ENSEMBL,gene,,,miRNA,MIR559,3,HGNC:32815,
ENSG00000207924.3,ENSEMBL,gene,,,miRNA,MIR196A2,3,HGNC:31568,
ENSG00000207925.1,ENSEMBL,gene,,,miRNA,MIR516B2,3,HGNC:32117,
ENSG00000207930.1,ENSEMBL,gene,,,miRNA,MIR603,3,HGNC:32859,
ENSG00000207931.1,ENSEMBL,gene,,,miRNA,MIR577,3,HGNC:32833,
ENSG00000207932.1,ENSEMBL,gene,,,miRNA,MIR33A,3,HGNC:31634,
ENSG00000207933.3,ENSEMBL,gene,,,miRNA,MIR9-1,3,HGNC:31641,
ENSG00000207934.1,ENSEMBL,gene,,,miRNA,MIR654,3,HGNC:32910,
ENSG00000207935.3,ENSEMBL,gene,,,miRNA,MIR204,3,HGNC:31582,
ENSG00000207938.1,ENSEMBL,gene,,,miRNA,MIR511,3,HGNC:32077,
ENSG00000207940.1,ENSEMBL,gene,,,miRNA,MIR567,3,HGNC:32823,
ENSG00000207941.1,ENSEMBL,gene,,,miRNA,MIR552,3,HGNC:32808,
ENSG00000207943.1,ENSEMBL,gene,,,miRNA,MIR634,3,HGNC:32890,
ENSG00000207944.1,ENSEMBL,gene,,,miRNA,MIR574,3,HGNC:32830,
ENSG00000207946.3,ENSEMBL,gene,,,miRNA,MIR516B1,3,HGNC:32122,
ENSG00000207947.3,ENSEMBL,gene,,,miRNA,MIR152,3,HGNC:31538,
ENSG00000207948.3,ENSEMBL,gene,,,miRNA,MIR328,3,HGNC:31770,
ENSG00000207951.1,ENSEMBL,gene,,,miRNA,MIR561,3,HGNC:32817,
ENSG00000207952.1,ENSEMBL,gene,,,miRNA,MIR624,3,HGNC:32880,
ENSG00000207954.1,ENSEMBL,gene,,,miRNA,MIR138-1,3,HGNC:31524,
ENSG00000207956.1,ENSEMBL,gene,,,miRNA,MIR579,3,HGNC:32835,
ENSG00000207957.1,ENSEMBL,gene,,,miRNA,MIR105-1,3,HGNC:31492,
ENSG00000207959.1,ENSEMBL,gene,,,miRNA,MIR656,3,HGNC:32912,
ENSG00000207960.1,ENSEMBL,gene,,,miRNA,MIR153-2,3,HGNC:31540,
ENSG00000207961.3,ENSEMBL,gene,,,miRNA,MIR496,3,HGNC:32086,
ENSG00000207962.1,ENSEMBL,gene,,,miRNA,MIR30C1,3,HGNC:31626,
ENSG00000207963.1,ENSEMBL,gene,,,miRNA,MIR569,3,HGNC:32825,
ENSG00000207965.1,ENSEMBL,gene,,,miRNA,MIR629,3,HGNC:32885,
ENSG00000207967.1,ENSEMBL,gene,,,miRNA,MIR620,3,HGNC:32876,
ENSG00000207969.1,ENSEMBL,gene,,,miRNA,MIR507,3,HGNC:32144,
ENSG00000207970.3,ENSEMBL,gene,,,miRNA,MIR660,3,HGNC:32916,
ENSG00000207971.1,ENSEMBL,gene,,,miRNA,MIR125B1,3,HGNC:31506,
ENSG00000207972.1,ENSEMBL,gene,,,miRNA,MIR638,3,HGNC:32894,
ENSG00000207973.1,ENSEMBL,gene,,,miRNA,MIR589,3,HGNC:32845,
ENSG00000207974.1,ENSEMBL,gene,,,miRNA,MIR557,3,HGNC:32813,
ENSG00000207975.1,ENSEMBL,gene,,,miRNA,MIR181B1,3,HGNC:31550,
ENSG00000207976.1,ENSEMBL,gene,,,miRNA,MIR607,3,HGNC:32863,
ENSG00000207978.1,ENSEMBL,gene,,,miRNA,MIR154,3,HGNC:31541,
ENSG00000207979.1,ENSEMBL,gene,,,miRNA,MIR527,3,HGNC:32129,
ENSG00000207981.1,ENSEMBL,gene,,,miRNA,MIR519D,3,HGNC:32112,
ENSG00000207982.1,ENSEMBL,gene,,,miRNA,MIR548B,3,HGNC:32799,
ENSG00000207983.1,ENSEMBL,gene,,,miRNA,MIR613,3,HGNC:32869,
ENSG00000207984.1,ENSEMBL,gene,,,miRNA,MIR513A2,3,HGNC:32142,
ENSG00000207987.1,ENSEMBL,gene,,,miRNA,MIR518E,3,HGNC:32119,
ENSG00000207988.1,ENSEMBL,gene,,,miRNA,MIR576,3,HGNC:32832,
ENSG00000207989.3,ENSEMBL,gene,,,miRNA,MIR493,3,HGNC:32082,
ENSG00000207990.3,ENSEMBL,gene,,,miRNA,MIR182,3,HGNC:31553,
ENSG00000207991.1,ENSEMBL,gene,,,miRNA,MIR601,3,HGNC:32857,
ENSG00000207992.1,ENSEMBL,gene,,,miRNA,MIR519A1,3,HGNC:32128,
ENSG00000207993.3,ENSEMBL,gene,,,miRNA,MIR134,3,HGNC:31519,
ENSG00000207994.1,ENSEMBL,gene,,,miRNA,MIR100,3,HGNC:31487,
ENSG00000207995.1,ENSEMBL,gene,,,miRNA,MIR325,3,HGNC:31768,
ENSG00000207996.1,ENSEMBL,gene,,,miRNA,MIR301A,3,HGNC:31622,
ENSG00000207997.1,ENSEMBL,gene,,,miRNA,MIR644A,3,HGNC:32900,
ENSG00000208000.1,ENSEMBL,gene,,,miRNA,MIR509-1,3,HGNC:32146,
ENSG00000208002.1,ENSEMBL,gene,,,miRNA,MIR643,3,HGNC:32899,
ENSG00000208003.1,ENSEMBL,gene,,,miRNA,MIR549A,3,HGNC:32803,
ENSG00000208004.2,ENSEMBL,gene,,,miRNA,MIR323B,3,HGNC:38349,
ENSG00000208005.1,ENSEMBL,gene,,,miRNA,MIR503,3,HGNC:32138,
ENSG00000208006.1,ENSEMBL,gene,,,miRNA,MIR16-1,3,HGNC:31545,
ENSG00000208009.1,ENSEMBL,gene,,,miRNA,MIR130A,3,HGNC:31514,
ENSG00000208012.1,ENSEMBL,gene,,,miRNA,MIRLET7F2,3,HGNC:31484,
ENSG00000208013.3,ENSEMBL,gene,,,miRNA,MIR652,3,HGNC:32908,
ENSG00000208014.1,ENSEMBL,gene,,,miRNA,MIR653,3,HGNC:32909,
ENSG00000208015.1,ENSEMBL,gene,,,miRNA,MIR362,3,HGNC:32022,
ENSG00000208017.3,ENSEMBL,gene,,,miRNA,MIR140,3,HGNC:31527,
ENSG00000208018.1,ENSEMBL,gene,,,miRNA,MIR645,3,HGNC:32901,
ENSG00000208022.1,ENSEMBL,gene,,,miRNA,MIR618,3,HGNC:32874,
ENSG00000208023.3,ENSEMBL,gene,,,miRNA,MIR185,3,HGNC:31556,
ENSG00000208025.1,ENSEMBL,gene,,,miRNA,MIR591,3,HGNC:32847,
ENSG00000208027.4,ENSEMBL,gene,,,miRNA,MIR485,3,HGNC:32067,
ENSG00000208028.1,ENSEMBL,gene,,,miRNA,MIR616,3,HGNC:32872,
ENSG00000208032.1,ENSEMBL,gene,,,miRNA,MIR548A3,3,HGNC:32798,
ENSG00000208033.1,ENSEMBL,gene,,,miRNA,MIR609,3,HGNC:32865,
ENSG00000208036.1,ENSEMBL,gene,,,miRNA,MIR106B,3,HGNC:31495,
ENSG00000208037.1,ENSEMBL,gene,,,miRNA,MIR320A,3,HGNC:31632,
ENSG00000210741.1,ENSEMBL,gene,,,miRNA,MIR196A1,3,HGNC:31567,
ENSG00000211137.1,ENSEMBL,gene,,,miRNA,MIR190A,3,HGNC:31560,
ENSG00000211491.2,ENSEMBL,gene,,,miRNA,MIR320D1,3,HGNC:35386,
ENSG00000211513.5,ENSEMBL,gene,,,miRNA,MIR320E,3,HGNC:38230,
ENSG00000211514.1,ENSEMBL,gene,,,miRNA,MIR454,3,HGNC:33137,
ENSG00000211520.2,ENSEMBL,gene,,,miRNA,MIR216B,3,HGNC:33668,
ENSG00000211532.1,ENSEMBL,gene,,,miRNA,MIR526A2,3,HGNC:32118,
ENSG00000211538.1,ENSEMBL,gene,,,miRNA,MIR501,3,HGNC:32135,
ENSG00000211543.2,ENSEMBL,gene,,,miRNA,MIR320B1,3,HGNC:35247,
ENSG00000211563.4,ENSEMBL,gene,,,miRNA,MIR3065,3,HGNC:38234,
ENSG00000211568.1,ENSEMBL,gene,,,miRNA,MIR670,3,HGNC:37304,
ENSG00000211575.3,ENSEMBL,gene,,,miRNA,MIR760,3,HGNC:33666,
ENSG00000211578.3,ENSEMBL,gene,,,miRNA,MIR766,3,HGNC:33139,
ENSG00000211579.2,ENSEMBL,gene,,,miRNA,MIR759,3,HGNC:37307,
ENSG00000211580.1,ENSEMBL,gene,,,miRNA,MIR769,3,HGNC:33138,
ENSG00000211581.1,ENSEMBL,gene,,,miRNA,MIR765,3,HGNC:33141,
ENSG00000211582.1,ENSEMBL,gene,,,miRNA,MIR758,3,HGNC:33133,
ENSG00000211583.3,ENSEMBL,gene,,,miRNA,MIR767,3,HGNC:33136,
ENSG00000211590.1,ENSEMBL,gene,,,miRNA,MIR802,3,HGNC:33140,
ENSG00000211991.4,ENSEMBL,gene,,,miRNA,MIR676,3,HGNC:38880,
ENSG00000211997.1,ENSEMBL,gene,,,miRNA,MIR708,3,HGNC:33654,
ENSG00000212013.1,ENSEMBL,gene,,,miRNA,MIR509-2,3,HGNC:33641,
ENSG00000212014.1,ENSEMBL,gene,,,miRNA,MIR509-3,3,HGNC:33675,
ENSG00000212017.2,ENSEMBL,gene,,,miRNA,MIR548U,3,HGNC:38316,
ENSG00000212024.2,ENSEMBL,gene,,,miRNA,MIR550A3,3,HGNC:41870,
ENSG00000212036.3,ENSEMBL,gene,,,miRNA,MIR548BA,3,HGNC:50260,
ENSG00000212040.3,ENSEMBL,gene,,,miRNA,MIR543,3,HGNC:33664,
ENSG00000212051.1,ENSEMBL,gene,,,miRNA,MIR320C2,3,HGNC:35387,
ENSG00000212100.2,ENSEMBL,gene,,,miRNA,MIR764,3,HGNC:37306,
ENSG00000212102.1,ENSEMBL,gene,,,miRNA,MIR301B,3,HGNC:33667,
ENSG00000215930.1,ENSEMBL,gene,,,miRNA,MIR942,3,HGNC:33688,
ENSG00000215938.3,ENSEMBL,gene,,,miRNA,MIR190B,3,HGNC:33656,
ENSG00000215939.3,ENSEMBL,gene,,,miRNA,MIR873,3,HGNC:33663,
ENSG00000215943.1,ENSEMBL,gene,,,miRNA,MIR892A,3,HGNC:33639,
ENSG00000215952.1,ENSEMBL,gene,,,miRNA,MIR921,3,HGNC:33671,
ENSG00000215957.1,ENSEMBL,gene,,,miRNA,MIR300,3,HGNC:33636,
ENSG00000215961.1,ENSEMBL,gene,,,miRNA,MIR297,3,HGNC:33691,
ENSG00000215966.1,ENSEMBL,gene,,,miRNA,MIR876,3,HGNC:33653,
ENSG00000215973.1,ENSEMBL,gene,,,miRNA,MIR933,3,HGNC:33676,
ENSG00000215991.1,ENSEMBL,gene,,,miRNA,MIR208B,3,HGNC:33669,
ENSG00000216001.3,ENSEMBL,gene,,,miRNA,MIR450B,3,HGNC:33642,
ENSG00000216005.1,ENSEMBL,gene,,,miRNA,MIR888,3,HGNC:33648,
ENSG00000216009.3,ENSEMBL,gene,,,miRNA,MIR874,3,HGNC:33643,
ENSG00000216031.1,ENSEMBL,gene,,,miRNA,MIR298,3,HGNC:33634,
ENSG00000216035.1,ENSEMBL,gene,,,miRNA,MIR938,3,HGNC:33681,
ENSG00000216056.1,ENSEMBL,gene,,,miRNA,MIR891A,3,HGNC:33635,
ENSG00000216058.1,ENSEMBL,gene,,,miRNA,MIR944,3,HGNC:33690,
ENSG00000216060.1,ENSEMBL,gene,,,miRNA,MIR934,3,HGNC:33677,
ENSG00000216064.1,ENSEMBL,gene,,,miRNA,MIR891B,3,HGNC:33645,
ENSG00000216069.1,ENSEMBL,gene,,,miRNA,MIR875,3,HGNC:33652,
ENSG00000216075.1,ENSEMBL,gene,,,miRNA,MIR890,3,HGNC:33644,
ENSG00000216077.3,ENSEMBL,gene,,,miRNA,MIR887,3,HGNC:33661,
ENSG00000216098.1,ENSEMBL,gene,,,miRNA,MIR892B,3,HGNC:33649,
ENSG00000216099.3,ENSEMBL,gene,,,miRNA,MIR889,3,HGNC:33651,
ENSG00000216101.3,ENSEMBL,gene,,,miRNA,MIR877,3,HGNC:33660,
ENSG00000216135.3,ENSEMBL,gene,,,miRNA,MIR885,3,HGNC:33659,
ENSG00000216141.3,ENSEMBL,gene,,,miRNA,MIR941-2,3,HGNC:33685,
ENSG00000216171.1,ENSEMBL,gene,,,miRNA,MIR513C,3,HGNC:33934,
ENSG00000216179.1,ENSEMBL,gene,,,miRNA,MIR541,3,HGNC:33650,
ENSG00000216191.1,ENSEMBL,gene,,,miRNA,MIR8485,3,HGNC:50839,
ENSG00000216192.1,ENSEMBL,gene,,,miRNA,MIR920,3,HGNC:33670,
ENSG00000216195.3,ENSEMBL,gene,,,miRNA,MIR941-4,3,HGNC:33687,
ENSG00000221017.1,ENSEMBL,gene,,,miRNA,MIR1323,3,HGNC:35251,
ENSG00000221025.1,ENSEMBL,gene,,,miRNA,MIR1250,3,HGNC:35316,
ENSG00000221028.1,ENSEMBL,gene,,,miRNA,MIR1231,3,HGNC:33921,
ENSG00000221033.1,ENSEMBL,gene,,,miRNA,MIR1272,3,HGNC:35339,
ENSG00000221036.5,ENSEMBL,gene,,,miRNA,MIR1193,3,HGNC:38247,
ENSG00000221039.3,ENSEMBL,gene,,,miRNA,MIR1286,3,HGNC:35279,
ENSG00000221052.3,ENSEMBL,gene,,,miRNA,MIR1266,3,HGNC:35334,
ENSG00000221063.3,ENSEMBL,gene,,,miRNA,MIR1296,3,HGNC:35249,
ENSG00000221065.1,ENSEMBL,gene,,,miRNA,MIR1233-2,3,HGNC:38277,
ENSG00000221081.1,ENSEMBL,gene,,,miRNA,MIR320D2,3,HGNC:35388,
ENSG00000221091.1,ENSEMBL,gene,,,miRNA,MIR1302-5,3,HGNC:35297,
ENSG00000221120.1,ENSEMBL,gene,,,miRNA,MIR1224,3,HGNC:33923,
ENSG00000221184.1,ENSEMBL,gene,,,miRNA,AL513534.1,3,,
ENSG00000221187.1,ENSEMBL,gene,,,miRNA,MIR548M,3,HGNC:35331,
ENSG00000221203.1,ENSEMBL,gene,,,miRNA,MIR1262,3,HGNC:35328,
ENSG00000221214.1,ENSEMBL,gene,,,miRNA,MIR548E,3,HGNC:35275,
ENSG00000221227.1,ENSEMBL,gene,,,miRNA,MIR1305,3,HGNC:35303,
ENSG00000221230.1,ENSEMBL,gene,,,miRNA,MIR548L,3,HGNC:35292,
ENSG00000221238.1,ENSEMBL,gene,,,miRNA,MIR1285-2,3,HGNC:35278,
ENSG00000221240.1,ENSEMBL,gene,,,miRNA,MIR1258,3,HGNC:35323,
ENSG00000221251.1,ENSEMBL,gene,,,miRNA,MIR1263,3,HGNC:35329,
ENSG00000221261.1,ENSEMBL,gene,,,miRNA,MIR1208,3,HGNC:35274,
ENSG00000221263.1,ENSEMBL,gene,,,miRNA,MIR548P,3,HGNC:35351,
ENSG00000221264.1,ENSEMBL,gene,,,miRNA,MIR1284,3,HGNC:35362,
ENSG00000221265.1,ENSEMBL,gene,,,miRNA,MIR1255A,3,HGNC:35320,
ENSG00000221269.1,ENSEMBL,gene,,,miRNA,MIR1302-8,3,HGNC:35300,
ENSG00000221273.1,ENSEMBL,gene,,,miRNA,MIR1237,3,HGNC:33927,
ENSG00000221275.1,ENSEMBL,gene,,,miRNA,MIR548I2,3,HGNC:35353,
ENSG00000221287.1,ENSEMBL,gene,,,miRNA,MIR1289-2,3,HGNC:35282,
ENSG00000221288.1,ENSEMBL,gene,,,miRNA,MIR663B,3,HGNC:35270,
ENSG00000221296.2,ENSEMBL,gene,,,miRNA,MIR548T,3,HGNC:38298,
ENSG00000221305.1,ENSEMBL,gene,,,miRNA,MIR548I3,3,HGNC:35354,
ENSG00000221325.1,ENSEMBL,gene,,,miRNA,MIR1200,3,HGNC:35266,
ENSG00000221331.1,ENSEMBL,gene,,,miRNA,MIR548Q,3,HGNC:37312,
ENSG00000221333.1,ENSEMBL,gene,,,miRNA,MIR548K,3,HGNC:35285,
ENSG00000221348.1,ENSEMBL,gene,,,miRNA,MIR548F5,3,HGNC:35309,
ENSG00000221355.1,ENSEMBL,gene,,,miRNA,MIR1288,3,HGNC:35363,
ENSG00000221365.1,ENSEMBL,gene,,,miRNA,MIR1228,3,HGNC:33928,
ENSG00000221369.1,ENSEMBL,gene,,,miRNA,MIR548G,3,HGNC:35326,
ENSG00000221371.1,ENSEMBL,gene,,,miRNA,MIR1265,3,HGNC:35332,
ENSG00000221390.1,ENSEMBL,gene,,,miRNA,MIR1295A,3,HGNC:35288,
ENSG00000221393.1,ENSEMBL,gene,,,miRNA,MIR1302-6,3,HGNC:35298,
ENSG00000221394.1,ENSEMBL,gene,,,miRNA,MIR1229,3,HGNC:33924,
ENSG00000221406.1,ENSEMBL,gene,,,miRNA,MIR320B2,3,HGNC:35256,
ENSG00000221410.1,ENSEMBL,gene,,,miRNA,MIR1238,3,HGNC:33933,
ENSG00000221411.1,ENSEMBL,gene,,,miRNA,MIR1227,3,HGNC:33932,
ENSG00000221421.1,ENSEMBL,gene,,,miRNA,MIR1283-1,3,HGNC:35255,
ENSG00000221430.1,ENSEMBL,gene,,,miRNA,MIR1294,3,HGNC:35287,
ENSG00000221436.1,ENSEMBL,gene,,,miRNA,MIR548F3,3,HGNC:35307,
ENSG00000221442.1,ENSEMBL,gene,,,miRNA,MIR548F4,3,HGNC:35308,
ENSG00000221445.3,ENSEMBL,gene,,,miRNA,MIR1301,3,HGNC:35253,
ENSG00000221456.1,ENSEMBL,gene,,,miRNA,MIR1202,3,HGNC:35268,
ENSG00000221463.3,ENSEMBL,gene,,,miRNA,MIR1277,3,HGNC:35350,
ENSG00000221464.1,ENSEMBL,gene,,,miRNA,MIR1271,3,HGNC:35252,
ENSG00000221466.2,ENSEMBL,gene,,,miRNA,MIR548AJ2,3,HGNC:41600,
ENSG00000221476.2,ENSEMBL,gene,,,miRNA,MIR1827,3,HGNC:35391,
ENSG00000221479.3,ENSEMBL,gene,,,miRNA,MIR1251,3,HGNC:35317,
ENSG00000221493.1,ENSEMBL,gene,,,miRNA,MIR320C1,3,HGNC:35248,
ENSG00000221494.1,ENSEMBL,gene,,,miRNA,MIR548I4,3,HGNC:35355,
ENSG00000221510.1,ENSEMBL,gene,,,miRNA,MIR548O,3,HGNC:35333,
ENSG00000221520.1,ENSEMBL,gene,,,miRNA,MIR1285-1,3,HGNC:35277,
ENSG00000221525.1,ENSEMBL,gene,,,miRNA,MIR1185-1,3,HGNC:35257,
ENSG00000221537.1,ENSEMBL,gene,,,miRNA,MIR548H1,3,HGNC:35342,
ENSG00000221540.1,ENSEMBL,gene,,,miRNA,MIR1180,3,HGNC:35261,
ENSG00000221545.1,ENSEMBL,gene,,,miRNA,MIR1255B2,3,HGNC:35367,
ENSG00000221548.1,ENSEMBL,gene,,,miRNA,MIR1283-2,3,HGNC:35361,
ENSG00000221552.1,ENSEMBL,gene,,,miRNA,MIR1303,3,HGNC:35301,
ENSG00000221563.1,ENSEMBL,gene,,,miRNA,MIR1269A,3,HGNC:35337,
ENSG00000221585.1,ENSEMBL,gene,,,miRNA,MIR1226,3,HGNC:33922,
ENSG00000221586.1,ENSEMBL,gene,,,miRNA,MIR1261,3,HGNC:35327,
ENSG00000221594.1,ENSEMBL,gene,,,miRNA,MIR548F1,3,HGNC:35305,
ENSG00000221598.3,ENSEMBL,gene,,,miRNA,MIR1249,3,HGNC:35315,
ENSG00000221604.1,ENSEMBL,gene,,,miRNA,MIR1293,3,HGNC:35286,
ENSG00000221614.1,ENSEMBL,gene,,,miRNA,MIR1185-2,3,HGNC:35254,
ENSG00000221616.1,ENSEMBL,gene,,,miRNA,MIR548H4,3,HGNC:35345,
ENSG00000221628.1,ENSEMBL,gene,,,miRNA,MIR1302-4,3,HGNC:35296,
ENSG00000221630.3,ENSEMBL,gene,,,miRNA,MIR1179,3,HGNC:35260,
ENSG00000221634.1,ENSEMBL,gene,,,miRNA,MIR1276,3,HGNC:35347,
ENSG00000221641.1,ENSEMBL,gene,,,miRNA,MIR1268A,3,HGNC:35336,
ENSG00000221649.1,ENSEMBL,gene,,,miRNA,MIR1233-1,3,HGNC:33929,
ENSG00000221650.1,ENSEMBL,gene,,,miRNA,MIR1267,3,HGNC:35335,
ENSG00000221656.1,ENSEMBL,gene,,,miRNA,MIR1225,3,HGNC:33931,
ENSG00000221662.1,ENSEMBL,gene,,,miRNA,MIR1290,3,HGNC:35283,
ENSG00000221669.1,ENSEMBL,gene,,,miRNA,MIR548N,3,HGNC:35330,
ENSG00000221680.1,ENSEMBL,gene,,,miRNA,MIR1278,3,HGNC:35356,
ENSG00000221697.1,ENSEMBL,gene,,,miRNA,MIR1275,3,HGNC:35346,
ENSG00000221698.1,ENSEMBL,gene,,,miRNA,MIR548H3,3,HGNC:35344,
ENSG00000221703.1,ENSEMBL,gene,,,miRNA,MIR302E,3,HGNC:35348,
ENSG00000221710.1,ENSEMBL,gene,,,miRNA,MIR1298,3,HGNC:35258,
ENSG00000221737.1,ENSEMBL,gene,,,miRNA,MIR548I1,3,HGNC:35352,
ENSG00000221739.1,ENSEMBL,gene,,,miRNA,MIR1203,3,HGNC:35269,
ENSG00000221745.3,ENSEMBL,gene,,,miRNA,MIR1197,3,HGNC:35376,
ENSG00000221753.1,ENSEMBL,gene,,,miRNA,AC021590.1,3,,
ENSG00000221760.1,ENSEMBL,gene,,,miRNA,MIR548J,3,HGNC:35276,
ENSG00000221763.1,ENSEMBL,gene,,,miRNA,MIR1289-1,3,HGNC:35281,
ENSG00000221768.2,ENSEMBL,gene,,,miRNA,MIR1302-7,3,HGNC:35299,
ENSG00000221771.1,ENSEMBL,gene,,,miRNA,MIR1205,3,HGNC:35271,
ENSG00000221782.1,ENSEMBL,gene,,,miRNA,MIR548F2,3,HGNC:35306,
ENSG00000221783.1,ENSEMBL,gene,,,miRNA,MIR1183,3,HGNC:35264,
ENSG00000221788.1,ENSEMBL,gene,,,miRNA,MIR1252,3,HGNC:35365,
ENSG00000221801.1,ENSEMBL,gene,,,miRNA,MIR548H2,3,HGNC:35343,
ENSG00000221808.1,ENSEMBL,gene,,,miRNA,MIR1256,3,HGNC:35321,
ENSG00000222071.1,ENSEMBL,gene,,,miRNA,MIR1915,3,HGNC:35399,
ENSG00000222246.1,ENSEMBL,gene,,,miRNA,MIR1471,3,HGNC:35380,
ENSG00000222321.1,ENSEMBL,gene,,,miRNA,MIR1912,3,HGNC:35396,
ENSG00000222532.1,ENSEMBL,gene,,,miRNA,MIR1468,3,HGNC:35250,
ENSG00000222715.1,ENSEMBL,gene,,,miRNA,MIR1911,3,HGNC:35395,
ENSG00000222831.1,ENSEMBL,gene,,,miRNA,MIR1537,3,HGNC:35381,
ENSG00000222958.1,ENSEMBL,gene,,,miRNA,MIR1913,3,HGNC:35397,
ENSG00000238367.1,ENSEMBL,gene,,,miRNA,MIR2113,3,HGNC:37058,
ENSG00000238399.1,ENSEMBL,gene,,,miRNA,MIR2053,3,HGNC:37069,
ENSG00000238517.1,ENSEMBL,gene,,,miRNA,MIR1270,3,HGNC:35338,
ENSG00000238705.1,ENSEMBL,gene,,,miRNA,MIR1976,3,HGNC:37064,
ENSG00000238728.1,ENSEMBL,gene,,,miRNA,MIR1972-1,3,HGNC:37060,
ENSG00000239057.2,ENSEMBL,gene,,,miRNA,MIR500B,3,HGNC:38223,
ENSG00000239118.1,ENSEMBL,gene,,,miRNA,MIR1972-2,3,HGNC:38252,
ENSG00000251856.1,ENSEMBL,gene,,,miRNA,MIR449C,3,HGNC:37302,
ENSG00000251862.2,ENSEMBL,gene,,,miRNA,MIR1343,3,HGNC:41902,
ENSG00000252153.1,ENSEMBL,gene,,,miRNA,MIR2278,3,HGNC:37315,
ENSG00000252219.2,ENSEMBL,gene,,,miRNA,MIR892C,3,HGNC:50194,
ENSG00000252454.3,ENSEMBL,gene,,,miRNA,MIR2114,3,HGNC:37308,
ENSG00000252466.1,ENSEMBL,gene,,,miRNA,MIR2115,3,HGNC:37309,
ENSG00000252583.2,ENSEMBL,gene,,,miRNA,MIR514B,3,HGNC:38292,
ENSG00000252695.1,ENSEMBL,gene,,,miRNA,MIR2276,3,HGNC:37313,
ENSG00000253008.2,ENSEMBL,gene,,,miRNA,MIR2355,3,HGNC:38328,
ENSG00000253030.1,ENSEMBL,gene,,,miRNA,MIR2116,3,HGNC:37310,
ENSG00000254324.3,ENSEMBL,gene,,,miRNA,MIR151A,3,HGNC:31762,
ENSG00000263354.1,ENSEMBL,gene,,,miRNA,MIR5011,3,HGNC:43496,
ENSG00000263361.1,ENSEMBL,gene,,,miRNA,MIR378H,3,HGNC:41744,
ENSG00000263363.1,ENSEMBL,gene,,,miRNA,MIR5702,3,HGNC:43503,
ENSG00000263372.1,ENSEMBL,gene,,,miRNA,MIR548AO,3,HGNC:43539,
ENSG00000263381.1,ENSEMBL,gene,,,miRNA,MIR5584,3,HGNC:43507,
ENSG00000263389.1,ENSEMBL,gene,,,miRNA,MIR3973,3,HGNC:41756,
ENSG00000263399.1,ENSEMBL,gene,,,miRNA,MIR3170,3,HGNC:38282,
ENSG00000263403.1,ENSEMBL,gene,,,miRNA,MIR4673,3,HGNC:41574,
ENSG00000263407.1,ENSEMBL,gene,,,miRNA,MIR4660,3,HGNC:41861,
ENSG00000263409.1,ENSEMBL,gene,,,miRNA,MIR4747,3,HGNC:41827,
ENSG00000263413.2,ENSEMBL,gene,,,miRNA,MIR4538,3,HGNC:41664,
ENSG00000263439.1,ENSEMBL,gene,,,miRNA,MIR4753,3,HGNC:41527,
ENSG00000263445.1,ENSEMBL,gene,,,miRNA,MIR4450,3,HGNC:41725,
ENSG00000263453.1,ENSEMBL,gene,,,miRNA,AL162291.1,3,,
ENSG00000263456.1,ENSEMBL,gene,,,miRNA,MIR5189,3,HGNC:43515,
ENSG00000263458.1,ENSEMBL,gene,,,miRNA,MIR4455,3,HGNC:41536,
ENSG00000263476.1,ENSEMBL,gene,,,miRNA,MIR3156-1,3,HGNC:38241,
ENSG00000263510.1,ENSEMBL,gene,,,miRNA,MIR4497,3,HGNC:41737,
ENSG00000263511.1,ENSEMBL,gene,,,miRNA,MIR5699,3,HGNC:43456,
ENSG00000263512.1,ENSEMBL,gene,,,miRNA,MIR4311,3,HGNC:38207,
ENSG00000263514.1,ENSEMBL,gene,,,miRNA,MIR3668,3,HGNC:38982,
ENSG00000263515.1,ENSEMBL,gene,,,miRNA,MIR548AN,3,HGNC:41681,
ENSG00000263526.1,ENSEMBL,gene,,,miRNA,MIR378G,3,HGNC:41785,
ENSG00000263527.1,ENSEMBL,gene,,,miRNA,MIR4526,3,HGNC:41618,
ENSG00000263533.1,ENSEMBL,gene,,,miRNA,MIR4463,3,HGNC:41665,
ENSG00000263540.1,ENSEMBL,gene,,,miRNA,MIR5582,3,HGNC:43461,
ENSG00000263561.1,ENSEMBL,gene,,,miRNA,MIR4704,3,HGNC:41602,
ENSG00000263572.2,ENSEMBL,gene,,,miRNA,MIR7853,3,HGNC:49933,
ENSG00000263573.1,ENSEMBL,gene,,,miRNA,MIR4270,3,HGNC:38377,
ENSG00000263581.1,ENSEMBL,gene,,,miRNA,MIR548X2,3,HGNC:41734,
ENSG00000263583.1,ENSEMBL,gene,,,miRNA,MIR4522,3,HGNC:41668,
ENSG00000263584.1,ENSEMBL,gene,,,miRNA,MIR4480,3,HGNC:41716,
ENSG00000263593.1,ENSEMBL,gene,,,miRNA,MIR4804,3,HGNC:41720,
ENSG00000263600.1,ENSEMBL,gene,,,miRNA,MIR3915,3,HGNC:38955,
ENSG00000263615.1,ENSEMBL,gene,,,miRNA,MIR4306,3,HGNC:38350,
ENSG00000263628.1,ENSEMBL,gene,,,miRNA,MIR3155A,3,HGNC:38245,
ENSG00000263629.1,ENSEMBL,gene,,,miRNA,MIR5586,3,HGNC:43493,
ENSG00000263631.1,ENSEMBL,gene,,,miRNA,MIR378D1,3,HGNC:41550,
ENSG00000263634.1,ENSEMBL,gene,,,miRNA,MIR3919,3,HGNC:38890,
ENSG00000263641.1,ENSEMBL,gene,,,miRNA,MIR4777,3,HGNC:41773,
ENSG00000263642.1,ENSEMBL,gene,,,miRNA,MIR4802,3,HGNC:41658,
ENSG00000263643.1,ENSEMBL,gene,,,miRNA,MIR4515,3,HGNC:41800,
ENSG00000263649.1,ENSEMBL,gene,,,miRNA,MIR3135B,3,HGNC:41783,
ENSG00000263652.1,ENSEMBL,gene,,,miRNA,MIR548AX,3,HGNC:43528,
ENSG00000263670.1,ENSEMBL,gene,,,miRNA,MIR4457,3,HGNC:41554,
ENSG00000263675.1,ENSEMBL,gene,,,miRNA,MIR5581,3,HGNC:43527,
ENSG00000263676.1,ENSEMBL,gene,,,miRNA,MIR4632,3,HGNC:41593,
ENSG00000263681.1,ENSEMBL,gene,,,miRNA,MIR3197,3,HGNC:38366,
ENSG00000263693.1,ENSEMBL,gene,,,miRNA,MIR3161,3,HGNC:38285,
ENSG00000263697.1,ENSEMBL,gene,,,miRNA,MIR3621,3,HGNC:38930,
ENSG00000263705.1,ENSEMBL,gene,,,miRNA,MIR5689,3,HGNC:43479,
ENSG00000263712.1,ENSEMBL,gene,,,miRNA,MIR4639,3,HGNC:41645,
ENSG00000263730.1,ENSEMBL,gene,,,miRNA,MIR3937,3,HGNC:38970,
ENSG00000263734.1,ENSEMBL,gene,,,miRNA,MIR4643,3,HGNC:41814,
ENSG00000263735.1,ENSEMBL,gene,,,miRNA,MIR4662B,3,HGNC:41607,
ENSG00000263741.1,ENSEMBL,gene,,,miRNA,MIR548AS,3,HGNC:43550,
ENSG00000263742.1,ENSEMBL,gene,,,miRNA,MIR3165,3,HGNC:38335,
ENSG00000263744.1,ENSEMBL,gene,,,miRNA,MIR3664,3,HGNC:38899,
ENSG00000263746.1,ENSEMBL,gene,,,miRNA,MIR4277,3,HGNC:38367,
ENSG00000263750.1,ENSEMBL,gene,,,miRNA,MIR548AV,3,HGNC:43537,
ENSG00000263752.1,ENSEMBL,gene,,,miRNA,MIR3133,3,HGNC:38305,
ENSG00000263762.1,ENSEMBL,gene,,,miRNA,MIR4286,3,HGNC:38186,
ENSG00000263763.1,ENSEMBL,gene,,,miRNA,MIR3686,3,HGNC:38887,
ENSG00000263783.1,ENSEMBL,gene,,,miRNA,MIR5590,3,HGNC:43541,
ENSG00000263785.1,ENSEMBL,gene,,,miRNA,MIR3182,3,HGNC:38317,
ENSG00000263790.1,ENSEMBL,gene,,,miRNA,MIR4473,3,HGNC:41540,
ENSG00000263793.1,ENSEMBL,gene,,,miRNA,MIR3115,3,HGNC:38371,
ENSG00000263795.1,ENSEMBL,gene,,,miRNA,MIR5100,3,HGNC:43540,
ENSG00000263800.1,ENSEMBL,gene,,,miRNA,MIR5684,3,HGNC:43544,
ENSG00000263811.1,ENSEMBL,gene,,,miRNA,MIR3675,3,HGNC:38973,
ENSG00000263813.1,ENSEMBL,gene,,,miRNA,MIR3679,3,HGNC:38979,
ENSG00000263816.1,ENSEMBL,gene,,,miRNA,MIR548AW,3,HGNC:43454,
ENSG00000263828.1,ENSEMBL,gene,,,miRNA,MIR4439,3,HGNC:41622,
ENSG00000263831.1,ENSEMBL,gene,,,miRNA,MIR378E,3,HGNC:41671,
ENSG00000263834.1,ENSEMBL,gene,,,miRNA,MIR4635,3,HGNC:41748,
ENSG00000263838.1,ENSEMBL,gene,,,miRNA,MIR4698,3,HGNC:41867,
ENSG00000263849.1,ENSEMBL,gene,,,miRNA,MIR4744,3,HGNC:41866,
ENSG00000263857.1,ENSEMBL,gene,,,miRNA,MIR4729,3,HGNC:41585,
ENSG00000263858.1,ENSEMBL,gene,,,miRNA,MIR4769,3,HGNC:41694,
ENSG00000263861.1,ENSEMBL,gene,,,miRNA,MIR3927,3,HGNC:38901,
ENSG00000263872.1,ENSEMBL,gene,,,miRNA,MIR4528,3,HGNC:41547,
ENSG00000263881.1,ENSEMBL,gene,,,miRNA,MIR4436B2,3,HGNC:43451,
ENSG00000263885.1,ENSEMBL,gene,,,miRNA,MIR3920,3,HGNC:38974,
ENSG00000263890.1,ENSEMBL,gene,,,miRNA,MIR4303,3,HGNC:38256,
ENSG00000263892.3,ENSEMBL,gene,,,miRNA,MIR4667,3,HGNC:41723,
ENSG00000263894.1,ENSEMBL,gene,,,miRNA,MIR3925,3,HGNC:38996,
ENSG00000263908.1,ENSEMBL,gene,,,miRNA,MIR3116-1,3,HGNC:38200,
ENSG00000263909.1,ENSEMBL,gene,,,miRNA,MIR5000,3,HGNC:43464,
ENSG00000263918.1,ENSEMBL,gene,,,miRNA,MIR3670-1,3,HGNC:38997,
ENSG00000263926.1,ENSEMBL,gene,,,miRNA,MIR4462,3,HGNC:41549,
ENSG00000263932.1,ENSEMBL,gene,,,miRNA,MIR4448,3,HGNC:41604,
ENSG00000263945.1,ENSEMBL,gene,,,miRNA,MIR548Y,3,HGNC:38980,
ENSG00000263964.1,ENSEMBL,gene,,,miRNA,MIR4509-3,3,HGNC:41610,
ENSG00000263967.1,ENSEMBL,gene,,,miRNA,MIR4290,3,HGNC:38360,
ENSG00000263973.1,ENSEMBL,gene,,,miRNA,MIR4760,3,HGNC:41698,
ENSG00000263978.1,ENSEMBL,gene,,,miRNA,MIR4499,3,HGNC:41739,
ENSG00000263979.1,ENSEMBL,gene,,,miRNA,MIR4672,3,HGNC:41662,
ENSG00000263981.1,ENSEMBL,gene,,,miRNA,MIR5705,3,HGNC:43504,
ENSG00000263987.1,ENSEMBL,gene,,,miRNA,MIR5698,3,HGNC:43487,
ENSG00000264004.1,ENSEMBL,gene,,,miRNA,MIR4717,3,HGNC:41571,
ENSG00000264005.1,ENSEMBL,gene,,,miRNA,MIR4314,3,HGNC:38191,
ENSG00000264010.1,ENSEMBL,gene,,,miRNA,MIR4429,3,HGNC:41579,
ENSG00000264013.1,ENSEMBL,gene,,,miRNA,MIR3938,3,HGNC:38972,
ENSG00000264014.1,ENSEMBL,gene,,,miRNA,MIR4253,3,HGNC:38231,
ENSG00000264024.2,ENSEMBL,gene,,,miRNA,MIR4507,3,HGNC:41642,
ENSG00000264032.1,ENSEMBL,gene,,,miRNA,MIR4491,3,HGNC:41808,
ENSG00000264037.1,ENSEMBL,gene,,,miRNA,MIR4472-2,3,HGNC:41752,
ENSG00000264056.1,ENSEMBL,gene,,,miRNA,MIR5685,3,HGNC:43543,
ENSG00000264060.1,ENSEMBL,gene,,,miRNA,MIR4316,3,HGNC:38306,
ENSG00000264063.1,ENSEMBL,gene,,,miRNA,CR392039.1,3,,
ENSG00000264069.3,ENSEMBL,gene,,,miRNA,MIR3943,3,HGNC:38888,
ENSG00000264075.1,ENSEMBL,gene,,,miRNA,MIR4783,3,HGNC:41874,
ENSG00000264084.1,ENSEMBL,gene,,,miRNA,MIR5688,3,HGNC:43463,
ENSG00000264089.1,ENSEMBL,gene,,,miRNA,MIR3681,3,HGNC:38994,
ENSG00000264090.1,ENSEMBL,gene,,,miRNA,MIR4666B,3,HGNC:43486,
ENSG00000264099.1,ENSEMBL,gene,,,miRNA,MIR4803,3,HGNC:41568,
ENSG00000264101.1,ENSEMBL,gene,,,miRNA,MIR4689,3,HGNC:41895,
ENSG00000264102.1,ENSEMBL,gene,,,miRNA,MIR4688,3,HGNC:41897,
ENSG00000264105.1,ENSEMBL,gene,,,miRNA,MIR3688-1,3,HGNC:38986,
ENSG00000264110.1,ENSEMBL,gene,,,miRNA,MIR4300,3,HGNC:38184,
ENSG00000264115.1,ENSEMBL,gene,,,miRNA,MIR3180-4,3,HGNC:38920,
ENSG00000264119.1,ENSEMBL,gene,,,miRNA,MIR4795,3,HGNC:41757,
ENSG00000264136.1,ENSEMBL,gene,,,miRNA,MIR3689D2,3,HGNC:41846,
ENSG00000264139.1,ENSEMBL,gene,,,miRNA,MIR3667,3,HGNC:38990,
ENSG00000264141.1,ENSEMBL,gene,,,miRNA,MIR3928,3,HGNC:38933,
ENSG00000264157.3,ENSEMBL,gene,,,miRNA,MIR3127,3,HGNC:38269,
ENSG00000264158.1,ENSEMBL,gene,,,miRNA,MIR4670,3,HGNC:41862,
ENSG00000264160.1,ENSEMBL,gene,,,miRNA,MIR4762,3,HGNC:41603,
ENSG00000264163.1,ENSEMBL,gene,,,miRNA,MIR3689B,3,HGNC:38924,
ENSG00000264171.1,ENSEMBL,gene,,,miRNA,MIR4305,3,HGNC:38301,
ENSG00000264175.1,ENSEMBL,gene,,,miRNA,MIR3189,3,HGNC:38307,
ENSG00000264200.1,ENSEMBL,gene,,,miRNA,MIR4693,3,HGNC:41818,
ENSG00000264201.1,ENSEMBL,gene,,,miRNA,MIR4701,3,HGNC:41627,
ENSG00000264210.1,ENSEMBL,gene,,,miRNA,MIR4716,3,HGNC:41812,
ENSG00000264226.1,ENSEMBL,gene,,,miRNA,MIR3168,3,HGNC:38249,
ENSG00000264233.1,ENSEMBL,gene,,,miRNA,MIR4456,3,HGNC:41606,
ENSG00000264249.1,ENSEMBL,gene,,,miRNA,MIR3912,3,HGNC:38923,
ENSG00000264266.1,ENSEMBL,gene,,,miRNA,MIR4322,3,HGNC:38261,
ENSG00000264274.1,ENSEMBL,gene,,,miRNA,MIR4799,3,HGNC:41584,
ENSG00000264279.1,ENSEMBL,gene,,,miRNA,MIR4786,3,HGNC:41751,
ENSG00000264292.1,ENSEMBL,gene,,,miRNA,MIR2467,3,HGNC:41881,
ENSG00000264295.1,ENSEMBL,gene,,,miRNA,MIR3922,3,HGNC:38895,
ENSG00000264297.2,ENSEMBL,gene,,,miRNA,MIR4433B,3,HGNC:50258,
ENSG00000264309.1,ENSEMBL,gene,,,miRNA,MIR4694,3,HGNC:41586,
ENSG00000264314.1,ENSEMBL,gene,,,miRNA,MIR548AT,3,HGNC:43517,
ENSG00000264319.1,ENSEMBL,gene,,,miRNA,MIR4801,3,HGNC:41840,
ENSG00000264330.1,ENSEMBL,gene,,,miRNA,MIR5186,3,HGNC:43459,
ENSG00000264341.1,ENSEMBL,gene,,,miRNA,Z97988.1,3,,
ENSG00000264342.3,ENSEMBL,gene,,,miRNA,MIR3660,3,HGNC:38985,
ENSG00000264349.1,ENSEMBL,gene,,,miRNA,MIR4258,3,HGNC:38281,
ENSG00000264354.1,ENSEMBL,gene,,,miRNA,MIR3134,3,HGNC:38254,
ENSG00000264357.1,ENSEMBL,gene,,,miRNA,MIR4648,3,HGNC:41560,
ENSG00000264358.1,ENSEMBL,gene,,,miRNA,MIR3122,3,HGNC:38320,
ENSG00000264370.1,ENSEMBL,gene,,,miRNA,MIR3125,3,HGNC:38219,
ENSG00000264371.1,ENSEMBL,gene,,,miRNA,MIR4425,3,HGNC:41891,
ENSG00000264377.1,ENSEMBL,gene,,,miRNA,MIR4671,3,HGNC:41598,
ENSG00000264386.1,ENSEMBL,gene,,,miRNA,MIR4513,3,HGNC:41855,
ENSG00000264387.1,ENSEMBL,gene,,,miRNA,MIR5007,3,HGNC:43468,
ENSG00000264390.1,ENSEMBL,gene,,,miRNA,MIR4465,3,HGNC:41842,
ENSG00000264395.1,ENSEMBL,gene,,,miRNA,MIR3193,3,HGNC:38204,
ENSG00000264397.1,ENSEMBL,gene,,,miRNA,MIR3180-5,3,HGNC:38969,
ENSG00000264399.1,ENSEMBL,gene,,,miRNA,MIR4736,3,HGNC:41804,
ENSG00000264402.1,ENSEMBL,gene,,,miRNA,MIR548AL,3,HGNC:41736,
ENSG00000264406.1,ENSEMBL,gene,,,miRNA,MIR548AP,3,HGNC:43465,
ENSG00000264408.1,ENSEMBL,gene,,,miRNA,MIR4470,3,HGNC:41833,
ENSG00000264419.1,ENSEMBL,gene,,,miRNA,MIR548AC,3,HGNC:41626,
ENSG00000264425.1,ENSEMBL,gene,,,miRNA,MIR4653,3,HGNC:41562,
ENSG00000264426.1,ENSEMBL,gene,,,miRNA,MIR4283-1,3,HGNC:38238,
ENSG00000264429.1,ENSEMBL,gene,,,miRNA,MIR3183,3,HGNC:38237,
ENSG00000264462.1,ENSEMBL,gene,,,miRNA,MIR3648-2,3,HGNC:50843,
ENSG00000264468.1,ENSEMBL,gene,,,miRNA,MIR4520-1,3,HGNC:41775,
ENSG00000264470.1,ENSEMBL,gene,,,miRNA,MIR4794,3,HGNC:41829,
ENSG00000264474.1,ENSEMBL,gene,,,miRNA,MIR4656,3,HGNC:41749,
ENSG00000264477.1,ENSEMBL,gene,,,miRNA,MIR5682,3,HGNC:43477,
ENSG00000264480.1,ENSEMBL,gene,,,miRNA,MIR4714,3,HGNC:41763,
ENSG00000264482.1,ENSEMBL,gene,,,miRNA,MIR4705,3,HGNC:41567,
ENSG00000264483.1,ENSEMBL,gene,,,miRNA,MIR5008,3,HGNC:43546,
ENSG00000264493.1,ENSEMBL,gene,,,miRNA,MIR4298,3,HGNC:38313,
ENSG00000264494.1,ENSEMBL,gene,,,miRNA,MIR4650-2,3,HGNC:41810,
ENSG00000264500.1,ENSEMBL,gene,,,miRNA,MIR3124,3,HGNC:38262,
ENSG00000264511.1,ENSEMBL,gene,,,miRNA,MIR3678,3,HGNC:38891,
ENSG00000264512.2,ENSEMBL,gene,,,miRNA,MIR5692A2,3,HGNC:43466,
ENSG00000264525.1,ENSEMBL,gene,,,miRNA,MIR4778,3,HGNC:41648,
ENSG00000264534.3,ENSEMBL,gene,,,miRNA,MIR378B,3,HGNC:38283,
ENSG00000264536.1,ENSEMBL,gene,,,miRNA,MIR5706,3,HGNC:43500,
ENSG00000264539.1,ENSEMBL,gene,,,miRNA,MIR548AR,3,HGNC:43455,
ENSG00000264553.1,ENSEMBL,gene,,,miRNA,MIR4257,3,HGNC:38312,
ENSG00000264559.1,ENSEMBL,gene,,,miRNA,MIR3162,3,HGNC:38271,
ENSG00000264563.1,ENSEMBL,gene,,,miRNA,MIR4633,3,HGNC:41822,
ENSG00000264566.3,ENSEMBL,gene,,,miRNA,MIR23C,3,HGNC:38913,
ENSG00000264571.1,ENSEMBL,gene,,,miRNA,MIR4529,3,HGNC:41703,
ENSG00000264572.1,ENSEMBL,gene,,,miRNA,MIR4296,3,HGNC:38178,
ENSG00000264574.1,ENSEMBL,gene,,,miRNA,AL606469.2,3,,
ENSG00000264580.1,ENSEMBL,gene,,,miRNA,MIR5692B,3,HGNC:43535,
ENSG00000264583.1,ENSEMBL,gene,,,miRNA,MIR4487,3,HGNC:41851,
ENSG00000264603.1,ENSEMBL,gene,,,miRNA,MIR3159,3,HGNC:38181,
ENSG00000264607.1,ENSEMBL,gene,,,miRNA,MIR3173,3,HGNC:38174,
ENSG00000264610.1,ENSEMBL,gene,,,miRNA,MIR4685,3,HGNC:41802,
ENSG00000264614.1,ENSEMBL,gene,,,miRNA,MIR5588,3,HGNC:43505,
ENSG00000264616.1,ENSEMBL,gene,,,miRNA,MIR4755,3,HGNC:41815,
ENSG00000264621.1,ENSEMBL,gene,,,miRNA,MIR5591,3,HGNC:43531,
ENSG00000264623.3,ENSEMBL,gene,,,miRNA,MIR4796,3,HGNC:41779,
ENSG00000264633.1,ENSEMBL,gene,,,miRNA,MIR4271,3,HGNC:38332,
ENSG00000264638.1,ENSEMBL,gene,,,miRNA,MIR3152,3,HGNC:38379,
ENSG00000264653.1,ENSEMBL,gene,,,miRNA,MIR5194,3,HGNC:43498,
ENSG00000264657.1,ENSEMBL,gene,,,miRNA,MIR3171,3,HGNC:38216,
ENSG00000264658.1,ENSEMBL,gene,,,miRNA,MIR4798,3,HGNC:41616,
ENSG00000264661.3,ENSEMBL,gene,,,miRNA,MIR3200,3,HGNC:38227,
ENSG00000264675.1,ENSEMBL,gene,,,miRNA,MIR4285,3,HGNC:38337,
ENSG00000264678.1,ENSEMBL,gene,,,miRNA,MIR3140,3,HGNC:38183,
ENSG00000264698.1,ENSEMBL,gene,,,miRNA,MIR4255,3,HGNC:38187,
ENSG00000264703.1,ENSEMBL,gene,,,miRNA,MIR4752,3,HGNC:41803,
ENSG00000264712.3,ENSEMBL,gene,,,miRNA,MIR4504,3,HGNC:41624,
ENSG00000264720.3,ENSEMBL,gene,,,miRNA,MIR3117,3,HGNC:38385,
ENSG00000264722.1,ENSEMBL,gene,,,miRNA,MIR3670-2,3,HGNC:43460,
ENSG00000264725.1,ENSEMBL,gene,,,miRNA,MIR3129,3,HGNC:38217,
ENSG00000264733.1,ENSEMBL,gene,,,miRNA,MIR4718,3,HGNC:41900,
ENSG00000264737.1,ENSEMBL,gene,,,miRNA,MIR4511,3,HGNC:41589,
ENSG00000264741.1,ENSEMBL,gene,,,miRNA,MIR4505,3,HGNC:41743,
ENSG00000264744.1,ENSEMBL,gene,,,miRNA,MIR3689C,3,HGNC:41816,
ENSG00000264747.1,ENSEMBL,gene,,,miRNA,MIR3924,3,HGNC:38984,
ENSG00000264755.1,ENSEMBL,gene,,,miRNA,MIR3131,3,HGNC:38347,
ENSG00000264757.1,ENSEMBL,gene,,,miRNA,MIR3198-1,3,HGNC:38236,
ENSG00000264760.1,ENSEMBL,gene,,,miRNA,MIR3141,3,HGNC:38326,
ENSG00000264763.1,ENSEMBL,gene,,,miRNA,MIR4295,3,HGNC:38220,
ENSG00000264764.1,ENSEMBL,gene,,,miRNA,MIR4772,3,HGNC:41741,
ENSG00000264773.1,ENSEMBL,gene,,,miRNA,MIR4420,3,HGNC:41772,
ENSG00000264781.1,ENSEMBL,gene,,,miRNA,MIR4537,3,HGNC:41682,
ENSG00000264788.1,ENSEMBL,gene,,,miRNA,MIR3148,3,HGNC:38215,
ENSG00000264792.1,ENSEMBL,gene,,,miRNA,MIR4637,3,HGNC:41651,
ENSG00000264793.1,ENSEMBL,gene,,,miRNA,MIR4771-1,3,HGNC:41901,
ENSG00000264796.1,ENSEMBL,gene,,,miRNA,MIR5009,3,HGNC:43458,
ENSG00000264800.1,ENSEMBL,gene,,,miRNA,MIR4294,3,HGNC:38180,
ENSG00000264802.1,ENSEMBL,gene,,,miRNA,MIR5191,3,HGNC:43497,
ENSG00000264803.1,ENSEMBL,gene,,,miRNA,MIR378C,3,HGNC:38374,
ENSG00000264810.1,ENSEMBL,gene,,,miRNA,MIR4441,3,HGNC:41728,
ENSG00000264814.1,ENSEMBL,gene,,,miRNA,MIR1273C,3,HGNC:38173,
ENSG00000264823.3,ENSEMBL,gene,,,miRNA,MIR3154,3,HGNC:38176,
ENSG00000264824.1,ENSEMBL,gene,,,miRNA,MIR5571,3,HGNC:43513,
ENSG00000264834.1,ENSEMBL,gene,,,miRNA,AC099677.4,3,,
ENSG00000264850.1,ENSEMBL,gene,,,miRNA,MIR4310,3,HGNC:38383,
ENSG00000264857.1,ENSEMBL,gene,,,miRNA,MIR5696,3,HGNC:43516,
ENSG00000264864.1,ENSEMBL,gene,,,miRNA,MIR3613,3,HGNC:38964,
ENSG00000264881.1,ENSEMBL,gene,,,miRNA,AL358013.1,3,,
ENSG00000264897.1,ENSEMBL,gene,,,miRNA,MIR3921,3,HGNC:38936,
ENSG00000264901.1,ENSEMBL,gene,,,miRNA,MIR3616,3,HGNC:38943,
ENSG00000264902.1,ENSEMBL,gene,,,miRNA,MIR5701-3,3,HGNC:50844,
ENSG00000264906.1,ENSEMBL,gene,,,miRNA,MIR4494,3,HGNC:41731,
ENSG00000264922.1,ENSEMBL,gene,,,miRNA,MIR4540,3,HGNC:41670,
ENSG00000264926.1,ENSEMBL,gene,,,miRNA,MIR378F,3,HGNC:41686,
ENSG00000264931.1,ENSEMBL,gene,,,miRNA,MIR3138,3,HGNC:38341,
ENSG00000264934.1,ENSEMBL,gene,,,miRNA,MIR4265,3,HGNC:38358,
ENSG00000264941.1,ENSEMBL,gene,,,miRNA,MIR4474,3,HGNC:41821,
ENSG00000264947.1,ENSEMBL,gene,,,miRNA,MIR3181,3,HGNC:38378,
ENSG00000264961.1,ENSEMBL,gene,,,miRNA,MIR4730,3,HGNC:41880,
ENSG00000264966.1,ENSEMBL,gene,,,miRNA,MIR5094,3,HGNC:43519,
ENSG00000264974.1,ENSEMBL,gene,,,miRNA,MIR4789,3,HGNC:41719,
ENSG00000264975.1,ENSEMBL,gene,,,miRNA,MIR4431,3,HGNC:41738,
ENSG00000264979.1,ENSEMBL,gene,,,miRNA,MIR4436B1,3,HGNC:41587,
ENSG00000264986.1,ENSEMBL,gene,,,miRNA,MIR5092,3,HGNC:43467,
ENSG00000264999.1,ENSEMBL,gene,,,miRNA,MIR5089,3,HGNC:43536,
ENSG00000265003.1,ENSEMBL,gene,,,miRNA,MIR4780,3,HGNC:41552,
ENSG00000265005.1,ENSEMBL,gene,,,miRNA,MIR548W,3,HGNC:38255,
ENSG00000265007.1,ENSEMBL,gene,,,miRNA,MIR4327,3,HGNC:38355,
ENSG00000265014.1,ENSEMBL,gene,,,miRNA,MIR3160-1,3,HGNC:38197,
ENSG00000265028.1,ENSEMBL,gene,,,miRNA,AC012087.1,3,,
ENSG00000265031.1,ENSEMBL,gene,,,miRNA,AC234063.1,3,,
ENSG00000265056.1,ENSEMBL,gene,,,miRNA,MIR548S,3,HGNC:38354,
ENSG00000265057.1,ENSEMBL,gene,,,miRNA,MIR4765,3,HGNC:41791,
ENSG00000265061.1,ENSEMBL,gene,,,miRNA,AC061709.1,3,,
ENSG00000265064.1,ENSEMBL,gene,,,miRNA,MIR4692,3,HGNC:41856,
ENSG00000265083.1,ENSEMBL,gene,,,miRNA,MIR3691,3,HGNC:38909,
ENSG00000265089.1,ENSEMBL,gene,,,miRNA,MIR4655,3,HGNC:41754,
ENSG00000265092.1,ENSEMBL,gene,,,miRNA,MIR4484,3,HGNC:41799,
ENSG00000265098.3,ENSEMBL,gene,,,miRNA,MIR4510,3,HGNC:41708,
ENSG00000265102.1,ENSEMBL,gene,,,miRNA,MIR3942,3,HGNC:38976,
ENSG00000265110.1,ENSEMBL,gene,,,miRNA,MIR4731,3,HGNC:41597,
ENSG00000265112.1,ENSEMBL,gene,,,miRNA,MIR3153,3,HGNC:38289,
ENSG00000265134.1,ENSEMBL,gene,,,miRNA,MIR3190,3,HGNC:38190,
ENSG00000265135.1,ENSEMBL,gene,,,miRNA,MIR5687,3,HGNC:43457,
ENSG00000265137.3,ENSEMBL,gene,,,miRNA,MIR3192,3,HGNC:38202,
ENSG00000265140.1,ENSEMBL,gene,,,miRNA,MIR4301,3,HGNC:38323,
ENSG00000265144.1,ENSEMBL,gene,,,miRNA,MIR548AM,3,HGNC:41637,
ENSG00000265154.1,ENSEMBL,gene,,,miRNA,MIR151B,3,HGNC:41588,
ENSG00000265160.1,ENSEMBL,gene,,,miRNA,MIR5003,3,HGNC:43512,
ENSG00000265164.1,ENSEMBL,gene,,,miRNA,MIR2681,3,HGNC:41532,
ENSG00000265165.1,ENSEMBL,gene,,,miRNA,MIR4307,3,HGNC:38257,
ENSG00000265172.1,ENSEMBL,gene,,,miRNA,MIR4262,3,HGNC:38308,
ENSG00000265178.1,ENSEMBL,gene,,,miRNA,MIR4728,3,HGNC:41632,
ENSG00000265180.1,ENSEMBL,gene,,,miRNA,MIR4790,3,HGNC:41820,
ENSG00000265181.1,ENSEMBL,gene,,,miRNA,MIR4674,3,HGNC:41729,
ENSG00000265193.1,ENSEMBL,gene,,,miRNA,MIR3923,3,HGNC:38978,
ENSG00000265195.1,ENSEMBL,gene,,,miRNA,MIR4312,3,HGNC:38376,
ENSG00000265201.1,ENSEMBL,gene,,,miRNA,MIR4677,3,HGNC:41844,
ENSG00000265210.1,ENSEMBL,gene,,,miRNA,MIR4486,3,HGNC:41566,
ENSG00000265213.1,ENSEMBL,gene,,,miRNA,MIR3684,3,HGNC:38950,
ENSG00000265214.1,ENSEMBL,gene,,,miRNA,MIR4283-2,3,HGNC:38296,
ENSG00000265215.1,ENSEMBL,gene,,,miRNA,MIR4269,3,HGNC:38291,
ENSG00000265226.1,ENSEMBL,gene,,,miRNA,MIR548AI,3,HGNC:41854,
ENSG00000265227.1,ENSEMBL,gene,,,miRNA,MIR4699,3,HGNC:41636,
ENSG00000265237.1,ENSEMBL,gene,,,miRNA,MIR3142,3,HGNC:38297,
ENSG00000265247.1,ENSEMBL,gene,,,miRNA,MIR4472-1,3,HGNC:41644,
ENSG00000265251.1,ENSEMBL,gene,,,miRNA,MIR4288,3,HGNC:38203,
ENSG00000265252.1,ENSEMBL,gene,,,miRNA,MIR3132,3,HGNC:38373,
ENSG00000265253.1,ENSEMBL,gene,,,miRNA,MIR4446,3,HGNC:41700,
ENSG00000265258.1,ENSEMBL,gene,,,miRNA,MIR4686,3,HGNC:41601,
ENSG00000265281.1,ENSEMBL,gene,,,miRNA,MIR3935,3,HGNC:38918,
ENSG00000265284.1,ENSEMBL,gene,,,miRNA,MIR4770,3,HGNC:41542,
ENSG00000265291.1,ENSEMBL,gene,,,miRNA,MIR4710,3,HGNC:41727,
ENSG00000265301.1,ENSEMBL,gene,,,miRNA,MIR548AD,3,HGNC:41683,
ENSG00000265321.1,ENSEMBL,gene,,,miRNA,MIR4263,3,HGNC:38365,
ENSG00000265322.1,ENSEMBL,gene,,,miRNA,MIR3118-2,3,HGNC:38324,
ENSG00000265328.1,ENSEMBL,gene,,,miRNA,MIR548AB,3,HGNC:41825,
ENSG00000265331.1,ENSEMBL,gene,,,miRNA,MIR4524B,3,HGNC:43520,
ENSG00000265333.1,ENSEMBL,gene,,,miRNA,MIR3137,3,HGNC:38263,
ENSG00000265345.1,ENSEMBL,gene,,,miRNA,MIR5188,3,HGNC:43502,
ENSG00000265347.1,ENSEMBL,gene,,,miRNA,MIR4291,3,HGNC:38267,
ENSG00000265355.1,ENSEMBL,gene,,,miRNA,MIR3136,3,HGNC:38340,
ENSG00000265357.1,ENSEMBL,gene,,,miRNA,MIR4493,3,HGNC:41778,
ENSG00000265368.1,ENSEMBL,gene,,,miRNA,MIR4476,3,HGNC:41793,
ENSG00000265370.1,ENSEMBL,gene,,,miRNA,MIR4682,3,HGNC:41788,
ENSG00000265372.1,ENSEMBL,gene,,,miRNA,MIR4675,3,HGNC:41619,
ENSG00000265376.1,ENSEMBL,gene,,,miRNA,MIR466,3,HGNC:38359,
ENSG00000265390.1,ENSEMBL,gene,,,miRNA,MIR4999,3,HGNC:43494,
ENSG00000265392.1,ENSEMBL,gene,,,miRNA,MIR4252,3,HGNC:38384,
ENSG00000265395.1,ENSEMBL,gene,,,miRNA,MIR3944,3,HGNC:38898,
ENSG00000265396.1,ENSEMBL,gene,,,miRNA,MIR3128,3,HGNC:38188,
ENSG00000265407.1,ENSEMBL,gene,,,miRNA,MIR4324,3,HGNC:38392,
ENSG00000265418.1,ENSEMBL,gene,,,miRNA,MIR4261,3,HGNC:38272,
ENSG00000265420.1,ENSEMBL,gene,,,miRNA,MIR4779,3,HGNC:41747,
ENSG00000265421.1,ENSEMBL,gene,,,miRNA,AC016601.1,3,,
ENSG00000265422.1,ENSEMBL,gene,,,miRNA,MIR4684,3,HGNC:41695,
ENSG00000265423.1,ENSEMBL,gene,,,miRNA,MIR4652,3,HGNC:41615,
ENSG00000265429.3,ENSEMBL,gene,,,miRNA,MIR4782,3,HGNC:41635,
ENSG00000265432.1,ENSEMBL,gene,,,miRNA,MIR4308,3,HGNC:38206,
ENSG00000265433.1,ENSEMBL,gene,,,miRNA,MIR4447,3,HGNC:41850,
ENSG00000265435.1,ENSEMBL,gene,,,miRNA,MIR3121,3,HGNC:38259,
ENSG00000265442.1,ENSEMBL,gene,,,miRNA,MIR3941,3,HGNC:38949,
ENSG00000265444.1,ENSEMBL,gene,,,miRNA,MIR4733,3,HGNC:41638,
ENSG00000265450.1,ENSEMBL,gene,,,miRNA,MIR4502,3,HGNC:41534,
ENSG00000265452.1,ENSEMBL,gene,,,miRNA,MIR3682,3,HGNC:38916,
ENSG00000265456.1,ENSEMBL,gene,,,miRNA,MIR3672,3,HGNC:38957,
ENSG00000265462.1,ENSEMBL,gene,,,miRNA,MIR3680-1,3,HGNC:38989,
ENSG00000265465.1,ENSEMBL,gene,,,miRNA,MIR4768,3,HGNC:41592,
ENSG00000265470.1,ENSEMBL,gene,,,miRNA,MIR548AQ,3,HGNC:43488,
ENSG00000265483.1,ENSEMBL,gene,,,miRNA,MIR4443,3,HGNC:41830,
ENSG00000265499.1,ENSEMBL,gene,,,miRNA,MIR3156-2,3,HGNC:38213,
ENSG00000265503.1,ENSEMBL,gene,,,miRNA,MIR1269B,3,HGNC:41787,
ENSG00000265510.1,ENSEMBL,gene,,,miRNA,MIR4436A,3,HGNC:41762,
ENSG00000265520.1,ENSEMBL,gene,,,miRNA,MIR548V,3,HGNC:38302,
ENSG00000265521.1,ENSEMBL,gene,,,miRNA,MIR5697,3,HGNC:43509,
ENSG00000265526.1,ENSEMBL,gene,,,miRNA,MIR4304,3,HGNC:38276,
ENSG00000265527.1,ENSEMBL,gene,,,miRNA,MIR5690,3,HGNC:43490,
ENSG00000265538.1,ENSEMBL,gene,,,miRNA,MIR4421,3,HGNC:41879,
ENSG00000265539.1,ENSEMBL,gene,,,miRNA,MIR3164,3,HGNC:38288,
ENSG00000265561.2,ENSEMBL,gene,,,miRNA,MIR1268B,3,HGNC:41581,
ENSG00000265565.1,ENSEMBL,gene,,,miRNA,MIR3143,3,HGNC:38284,
ENSG00000265584.1,ENSEMBL,gene,,,miRNA,MIR3978,3,HGNC:41630,
ENSG00000265588.1,ENSEMBL,gene,,,miRNA,MIR5708,3,HGNC:43511,
ENSG00000265595.1,ENSEMBL,gene,,,miRNA,MIR4756,3,HGNC:41529,
ENSG00000265596.1,ENSEMBL,gene,,,miRNA,MIR3659,3,HGNC:38882,
ENSG00000265598.1,ENSEMBL,gene,,,miRNA,MIR5707,3,HGNC:43449,
ENSG00000265599.1,ENSEMBL,gene,,,miRNA,MIR4471,3,HGNC:41657,
ENSG00000265606.1,ENSEMBL,gene,,,miRNA,MIR4695,3,HGNC:41573,
ENSG00000265612.1,ENSEMBL,gene,,,miRNA,MIR4539,3,HGNC:41546,
ENSG00000265617.1,ENSEMBL,gene,,,miRNA,MIR548AG2,3,HGNC:41745,
ENSG00000265623.1,ENSEMBL,gene,,,miRNA,MIR3139,3,HGNC:38201,
ENSG00000265635.1,ENSEMBL,gene,,,miRNA,MIR3612,3,HGNC:38951,
ENSG00000265641.1,ENSEMBL,gene,,,miRNA,MIR3929,3,HGNC:38945,
ENSG00000265653.1,ENSEMBL,gene,,,miRNA,MIR548AK,3,HGNC:41893,
ENSG00000265658.6,ENSEMBL,gene,,,miRNA,MIR3690,3,HGNC:38967,
ENSG00000265658.6_PAR_Y,ENSEMBL,gene,,,miRNA,MIR3690,3,HGNC:38967,
ENSG00000265660.1,ENSEMBL,gene,,,miRNA,MIR4664,3,HGNC:41777,
ENSG00000265669.1,ENSEMBL,gene,,,miRNA,MIR548AJ1,3,HGNC:41884,
ENSG00000265673.1,ENSEMBL,gene,,,miRNA,MIR4508,3,HGNC:41659,
ENSG00000265682.1,ENSEMBL,gene,,,miRNA,MIR4267,3,HGNC:38286,
ENSG00000265691.1,ENSEMBL,gene,,,miRNA,MIR4460,3,HGNC:41795,
ENSG00000265694.1,ENSEMBL,gene,,,miRNA,MIR4774,3,HGNC:41873,
ENSG00000265699.1,ENSEMBL,gene,,,miRNA,MIR548AE2,3,HGNC:41831,
ENSG00000265719.1,ENSEMBL,gene,,,miRNA,MIR4681,3,HGNC:41753,
ENSG00000265724.1,ENSEMBL,gene,,,miRNA,MIR4284,3,HGNC:38322,
ENSG00000265725.1,ENSEMBL,gene,,,miRNA,MIR3144,3,HGNC:38331,
ENSG00000265734.1,ENSEMBL,gene,,,miRNA,MIR4438,3,HGNC:41555,
ENSG00000265744.1,ENSEMBL,gene,,,miRNA,MIR4427,3,HGNC:41678,
ENSG00000265768.1,ENSEMBL,gene,,,miRNA,MIR4506,3,HGNC:41663,
ENSG00000265776.1,ENSEMBL,gene,,,miRNA,MIR3670-3,3,HGNC:50829,
ENSG00000265789.1,ENSEMBL,gene,,,miRNA,MIR4330,3,HGNC:38273,
ENSG00000265793.1,ENSEMBL,gene,,,miRNA,MIR3118-4,3,HGNC:38287,
ENSG00000265806.1,ENSEMBL,gene,,,miRNA,MIR4292,3,HGNC:38348,
ENSG00000265810.1,ENSEMBL,gene,,,miRNA,MIR3907,3,HGNC:38988,
ENSG00000265815.1,ENSEMBL,gene,,,miRNA,AC099677.5,3,,
ENSG00000265820.1,ENSEMBL,gene,,,miRNA,MIR3177,3,HGNC:38364,
ENSG00000265822.1,ENSEMBL,gene,,,miRNA,MIR4422,3,HGNC:41654,
ENSG00000265828.1,ENSEMBL,gene,,,miRNA,MIR3939,3,HGNC:38931,
ENSG00000265829.1,ENSEMBL,gene,,,miRNA,MIR548AG1,3,HGNC:41625,
ENSG00000265831.1,ENSEMBL,gene,,,miRNA,MIR3123,3,HGNC:38330,
ENSG00000265841.1,ENSEMBL,gene,,,miRNA,MIR548X,3,HGNC:38248,
ENSG00000265846.1,ENSEMBL,gene,,,miRNA,MIR4276,3,HGNC:38232,
ENSG00000265847.1,ENSEMBL,gene,,,miRNA,MIR4287,3,HGNC:38208,
ENSG00000265848.1,ENSEMBL,gene,,,miRNA,MIR3689D1,3,HGNC:41621,
ENSG00000265850.1,ENSEMBL,gene,,,miRNA,MIR4797,3,HGNC:41758,
ENSG00000265855.1,ENSEMBL,gene,,,miRNA,MIR4514,3,HGNC:41845,
ENSG00000265859.1,ENSEMBL,gene,,,miRNA,MIR5704,3,HGNC:43469,
ENSG00000265861.1,ENSEMBL,gene,,,miRNA,MIR4495,3,HGNC:41693,
ENSG00000265867.1,ENSEMBL,gene,,,miRNA,MIR4516,3,HGNC:41617,
ENSG00000265871.1,ENSEMBL,gene,,,miRNA,MIR3174,3,HGNC:38264,
ENSG00000265872.1,ENSEMBL,gene,,,miRNA,MIR3689A,3,HGNC:38904,
ENSG00000265873.1,ENSEMBL,gene,,,miRNA,MIR4289,3,HGNC:38278,
ENSG00000265874.1,ENSEMBL,gene,,,miRNA,MIR4489,3,HGNC:41685,
ENSG00000265878.2,ENSEMBL,gene,,,miRNA,MIR3914-1,3,HGNC:38993,
ENSG00000265879.1,ENSEMBL,gene,,,miRNA,MIR4748,3,HGNC:41557,
ENSG00000265902.1,ENSEMBL,gene,,,miRNA,MIR4696,3,HGNC:41780,
ENSG00000265917.1,ENSEMBL,gene,,,miRNA,MIR3685,3,HGNC:38886,
ENSG00000265919.1,ENSEMBL,gene,,,miRNA,MIR4280,3,HGNC:38334,
ENSG00000265924.1,ENSEMBL,gene,,,miRNA,MIR5692C1,3,HGNC:43506,
ENSG00000265929.1,ENSEMBL,gene,,,miRNA,MIR5195,3,HGNC:43526,
ENSG00000265932.1,ENSEMBL,gene,,,miRNA,MIR3146,3,HGNC:38368,
ENSG00000265954.1,ENSEMBL,gene,,,miRNA,MIR4749,3,HGNC:41760,
ENSG00000265956.1,ENSEMBL,gene,,,miRNA,MIR4445,3,HGNC:41614,
ENSG00000265957.1,ENSEMBL,gene,,,miRNA,MIR4319,3,HGNC:38212,
ENSG00000265965.1,ENSEMBL,gene,,,miRNA,MIR4266,3,HGNC:38175,
ENSG00000265976.1,ENSEMBL,gene,,,miRNA,MIR4725,3,HGNC:41608,
ENSG00000265981.1,ENSEMBL,gene,,,miRNA,MIR544B,3,HGNC:38361,
ENSG00000265986.1,ENSEMBL,gene,,,miRNA,MIR4735,3,HGNC:41888,
ENSG00000265993.1,ENSEMBL,gene,,,miRNA,MIR5694,3,HGNC:43530,
ENSG00000265996.1,ENSEMBL,gene,,,miRNA,MIR3671,3,HGNC:38925,
ENSG00000266006.1,ENSEMBL,gene,,,miRNA,MIR4488,3,HGNC:41599,
ENSG00000266012.1,ENSEMBL,gene,,,miRNA,MIR4764,3,HGNC:41714,
ENSG00000266015.1,ENSEMBL,gene,,,miRNA,MIR4309,3,HGNC:38336,
ENSG00000266017.1,ENSEMBL,gene,,,miRNA,MIR4477B,3,HGNC:41898,
ENSG00000266019.1,ENSEMBL,gene,,,miRNA,MIR3609,3,HGNC:38956,
ENSG00000266038.1,ENSEMBL,gene,,,miRNA,MIR4659A,3,HGNC:41857,
ENSG00000266039.1,ENSEMBL,gene,,,miRNA,MIR4509-2,3,HGNC:41537,
ENSG00000266041.1,ENSEMBL,gene,,,miRNA,MIR4690,3,HGNC:41707,
ENSG00000266043.1,ENSEMBL,gene,,,miRNA,MIR3649,3,HGNC:38948,
ENSG00000266052.1,ENSEMBL,gene,,,miRNA,MIR4500,3,HGNC:41853,
ENSG00000266063.1,ENSEMBL,gene,,,miRNA,MIR4771-2,3,HGNC:41774,
ENSG00000266071.1,ENSEMBL,gene,,,miRNA,MIR3617,3,HGNC:38977,
ENSG00000266072.1,ENSEMBL,gene,,,miRNA,MIR5693,3,HGNC:43499,
ENSG00000266078.1,ENSEMBL,gene,,,miRNA,MIR4432,3,HGNC:41649,
ENSG00000266097.1,ENSEMBL,gene,,,miRNA,MIR5192,3,HGNC:43473,
ENSG00000266099.1,ENSEMBL,gene,,,miRNA,MIR5700,3,HGNC:43521,
ENSG00000266104.1,ENSEMBL,gene,,,miRNA,MIR4326,3,HGNC:38314,
ENSG00000266107.1,ENSEMBL,gene,,,miRNA,MIR4525,3,HGNC:41903,
ENSG00000266109.1,ENSEMBL,gene,,,miRNA,MIR4440,3,HGNC:41740,
ENSG00000266110.1,ENSEMBL,gene,,,miRNA,MIR4423,3,HGNC:41784,
ENSG00000266124.1,ENSEMBL,gene,,,miRNA,MIR5587,3,HGNC:43508,
ENSG00000266133.1,ENSEMBL,gene,,,miRNA,MIR4759,3,HGNC:41575,
ENSG00000266140.1,ENSEMBL,gene,,,miRNA,MIR4533,3,HGNC:41886,
ENSG00000266144.1,ENSEMBL,gene,,,miRNA,MIR4654,3,HGNC:41643,
ENSG00000266146.1,ENSEMBL,gene,,,miRNA,MIR5190,3,HGNC:43549,
ENSG00000266148.1,ENSEMBL,gene,,,miRNA,MIR5583-1,3,HGNC:43491,
ENSG00000266150.1,ENSEMBL,gene,,,miRNA,MIR4711,3,HGNC:41847,
ENSG00000266168.1,ENSEMBL,gene,,,miRNA,MIR3147,3,HGNC:38300,
ENSG00000266180.1,ENSEMBL,gene,,,miRNA,MIR4282,3,HGNC:38189,
ENSG00000266188.1,ENSEMBL,gene,,,miRNA,AC099677.6,3,,
ENSG00000266189.1,ENSEMBL,gene,,,miRNA,MIR3186,3,HGNC:38311,
ENSG00000266194.1,ENSEMBL,gene,,,miRNA,MIR4661,3,HGNC:41582,
ENSG00000266203.1,ENSEMBL,gene,,,miRNA,MIR5585,3,HGNC:43452,
ENSG00000266204.1,ENSEMBL,gene,,,miRNA,MIR5589,3,HGNC:43514,
ENSG00000266206.1,ENSEMBL,gene,,,miRNA,MIR3926-1,3,HGNC:38959,
ENSG00000266211.1,ENSEMBL,gene,,,miRNA,MIR3156-3,3,HGNC:38229,
ENSG00000266215.1,ENSEMBL,gene,,,miRNA,MIR3167,3,HGNC:38242,
ENSG00000266226.1,ENSEMBL,gene,,,miRNA,MIR4323,3,HGNC:38394,
ENSG00000266228.1,ENSEMBL,gene,,,miRNA,MIR3611,3,HGNC:38914,
ENSG00000266232.1,ENSEMBL,gene,,,miRNA,MIR3178,3,HGNC:38381,
ENSG00000266235.1,ENSEMBL,gene,,,miRNA,MIR3176,3,HGNC:38345,
ENSG00000266240.1,ENSEMBL,gene,,,miRNA,MIR5091,3,HGNC:43478,
ENSG00000266243.1,ENSEMBL,gene,,,miRNA,MIR4279,3,HGNC:38195,
ENSG00000266245.1,ENSEMBL,gene,,,miRNA,MIR4644,3,HGNC:41687,
ENSG00000266255.1,ENSEMBL,gene,,,miRNA,MIR4475,3,HGNC:41697,
ENSG00000266262.1,ENSEMBL,gene,,,miRNA,MIR4428,3,HGNC:41667,
ENSG00000266270.1,ENSEMBL,gene,,,miRNA,AC098818.3,3,,
ENSG00000266276.3,ENSEMBL,gene,,,miRNA,MIR4743,3,HGNC:41894,
ENSG00000266287.1,ENSEMBL,gene,,,miRNA,MIR3683,3,HGNC:38999,
ENSG00000266297.1,ENSEMBL,gene,,,miRNA,MIR744,3,HGNC:33658,
ENSG00000266305.1,ENSEMBL,gene,,,miRNA,MIR4518,3,HGNC:41809,
ENSG00000266307.1,ENSEMBL,gene,,,miRNA,MIR5093,3,HGNC:43474,
ENSG00000266315.1,ENSEMBL,gene,,,miRNA,MIR4668,3,HGNC:41545,
ENSG00000266318.1,ENSEMBL,gene,,,miRNA,MIR5692A1,3,HGNC:43533,
ENSG00000266320.1,ENSEMBL,gene,,,miRNA,MIR3909,3,HGNC:38987,
ENSG00000266321.1,ENSEMBL,gene,,,miRNA,MIR4293,3,HGNC:38270,
ENSG00000266324.1,ENSEMBL,gene,,,miRNA,MIR4663,3,HGNC:41623,
ENSG00000266327.1,ENSEMBL,gene,,,miRNA,MIR4503,3,HGNC:41675,
ENSG00000266329.1,ENSEMBL,gene,,,miRNA,MIR4281,3,HGNC:38357,
ENSG00000266370.1,ENSEMBL,gene,,,miRNA,MIR3657,3,HGNC:38906,
ENSG00000266383.1,ENSEMBL,gene,,,miRNA,MIR5002,3,HGNC:43470,
ENSG00000266392.1,ENSEMBL,gene,,,miRNA,MIR4740,3,HGNC:41711,
ENSG00000266407.1,ENSEMBL,gene,,,miRNA,MIR3157,3,HGNC:38172,
ENSG00000266415.1,ENSEMBL,gene,,,miRNA,MIR4636,3,HGNC:41798,
ENSG00000266417.1,ENSEMBL,gene,,,miRNA,MIR4424,3,HGNC:41805,
ENSG00000266421.3,ENSEMBL,gene,,,miRNA,MIR4451,3,HGNC:41858,
ENSG00000266423.1,ENSEMBL,gene,,,miRNA,MIR3163,3,HGNC:38209,
ENSG00000266426.1,ENSEMBL,gene,,,miRNA,MIR4719,3,HGNC:41807,
ENSG00000266431.1,ENSEMBL,gene,,,miRNA,MIR5580,3,HGNC:43482,
ENSG00000266436.1,ENSEMBL,gene,,,miRNA,MIR4264,3,HGNC:38338,
ENSG00000266437.1,ENSEMBL,gene,,,miRNA,MIR4746,3,HGNC:41904,
ENSG00000266449.1,ENSEMBL,gene,,,miRNA,MIR3713,3,HGNC:38926,
ENSG00000266454.1,ENSEMBL,gene,,,miRNA,MIR3179-3,3,HGNC:38214,
ENSG00000266458.1,ENSEMBL,gene,,,miRNA,MIR4259,3,HGNC:38309,
ENSG00000266461.1,ENSEMBL,gene,,,miRNA,MIR2392,3,HGNC:41843,
ENSG00000266463.1,ENSEMBL,gene,,,miRNA,MIR3196,3,HGNC:38198,
ENSG00000266478.1,ENSEMBL,gene,,,miRNA,MIR5197,3,HGNC:43450,
ENSG00000266494.1,ENSEMBL,gene,,,miRNA,MIR4641,3,HGNC:41835,
ENSG00000266502.1,ENSEMBL,gene,,,miRNA,MIR5681A,3,HGNC:43518,
ENSG00000266507.1,ENSEMBL,gene,,,miRNA,MIR4479,3,HGNC:41767,
ENSG00000266508.1,ENSEMBL,gene,,,miRNA,MIR3201,3,HGNC:38235,
ENSG00000266509.1,ENSEMBL,gene,,,miRNA,MIR3934,3,HGNC:38965,
ENSG00000266514.1,ENSEMBL,gene,,,miRNA,MIR3689F,3,HGNC:41702,
ENSG00000266515.1,ENSEMBL,gene,,,miRNA,MIR4452,3,HGNC:41539,
ENSG00000266517.1,ENSEMBL,gene,,,miRNA,MIR4715,3,HGNC:41666,
ENSG00000266518.1,ENSEMBL,gene,,,miRNA,MIR4268,3,HGNC:38352,
ENSG00000266525.1,ENSEMBL,gene,,,miRNA,MIR4650-1,3,HGNC:41755,
ENSG00000266530.1,ENSEMBL,gene,,,miRNA,MIR4318,3,HGNC:38333,
ENSG00000266531.1,ENSEMBL,gene,,,miRNA,MIR4706,3,HGNC:41576,
ENSG00000266533.1,ENSEMBL,gene,,,miRNA,MIR3619,3,HGNC:38998,
ENSG00000266545.1,ENSEMBL,gene,,,miRNA,MIR5701-1,3,HGNC:43522,
ENSG00000266555.1,ENSEMBL,gene,,,miRNA,MIR3145,3,HGNC:38327,
ENSG00000266559.1,ENSEMBL,gene,,,miRNA,MIR4530,3,HGNC:41764,
ENSG00000266564.1,ENSEMBL,gene,,,miRNA,MIR4418,3,HGNC:41789,
ENSG00000266570.1,ENSEMBL,gene,,,miRNA,MIR5579,3,HGNC:43485,
ENSG00000266580.1,ENSEMBL,gene,,,miRNA,MIR4254,3,HGNC:38193,
ENSG00000266581.1,ENSEMBL,gene,,,miRNA,MIR3166,3,HGNC:38386,
ENSG00000266582.1,ENSEMBL,gene,,,miRNA,MIR4527,3,HGNC:41633,
ENSG00000266583.1,ENSEMBL,gene,,,miRNA,MIR4478,3,HGNC:41759,
ENSG00000266589.1,ENSEMBL,gene,,,miRNA,MIR4512,3,HGNC:41701,
ENSG00000266593.1,ENSEMBL,gene,,,miRNA,MIR4713,3,HGNC:41899,
ENSG00000266594.1,ENSEMBL,gene,,,miRNA,MIR4766,3,HGNC:41680,
ENSG00000266617.1,ENSEMBL,gene,,,miRNA,MIR3692,3,HGNC:38885,
ENSG00000266618.1,ENSEMBL,gene,,,miRNA,MIR4742,3,HGNC:41565,
ENSG00000266619.1,ENSEMBL,gene,,,miRNA,MIR4642,3,HGNC:41865,
ENSG00000266634.1,ENSEMBL,gene,,,miRNA,MIR3972,3,HGNC:41876,
ENSG00000266640.1,ENSEMBL,gene,,,miRNA,MIR4754,3,HGNC:41786,
ENSG00000266643.1,ENSEMBL,gene,,,miRNA,MIR3677,3,HGNC:38932,
ENSG00000266645.1,ENSEMBL,gene,,,miRNA,MIR4299,3,HGNC:38329,
ENSG00000266649.1,ENSEMBL,gene,,,miRNA,MIR3126,3,HGNC:38225,
ENSG00000266655.1,ENSEMBL,gene,,,miRNA,MIR3908,3,HGNC:38991,
ENSG00000266663.1,ENSEMBL,gene,,,miRNA,MIR3169,3,HGNC:38380,
ENSG00000266665.1,ENSEMBL,gene,,,miRNA,MIR4739,3,HGNC:41801,
ENSG00000266666.1,ENSEMBL,gene,,,miRNA,MIR4325,3,HGNC:38304,
ENSG00000266668.1,ENSEMBL,gene,,,miRNA,MIR5692C2,3,HGNC:43448,
ENSG00000266676.1,ENSEMBL,gene,,,miRNA,MIR4297,3,HGNC:38393,
ENSG00000266690.1,ENSEMBL,gene,,,miRNA,MIR4274,3,HGNC:38194,
ENSG00000266698.1,ENSEMBL,gene,,,miRNA,MIR3945,3,HGNC:38954,
ENSG00000266703.1,ENSEMBL,gene,,,miRNA,MIR4490,3,HGNC:41871,
ENSG00000266704.1,ENSEMBL,gene,,,miRNA,MIR4498,3,HGNC:41838,
ENSG00000266705.1,ENSEMBL,gene,,,miRNA,MIR4437,3,HGNC:41715,
ENSG00000266712.3,ENSEMBL,gene,,,miRNA,MIR3149,3,HGNC:38251,
ENSG00000266719.1,ENSEMBL,gene,,,miRNA,MIR4676,3,HGNC:41691,
ENSG00000266721.1,ENSEMBL,gene,,,miRNA,MIR5695,3,HGNC:43548,
ENSG00000266738.1,ENSEMBL,gene,,,miRNA,MIR4757,3,HGNC:41746,
ENSG00000266740.1,ENSEMBL,gene,,,miRNA,MIR4708,3,HGNC:41824,
ENSG00000266745.1,ENSEMBL,gene,,,miRNA,MIR3135A,3,HGNC:38199,
ENSG00000266750.1,ENSEMBL,gene,,,miRNA,MIR4645,3,HGNC:41689,
ENSG00000266751.1,ENSEMBL,gene,,,miRNA,MIR3661,3,HGNC:38892,
ENSG00000266756.1,ENSEMBL,gene,,,miRNA,MIR5680,3,HGNC:43492,
ENSG00000266758.1,ENSEMBL,gene,,,miRNA,MIR3680-2,3,HGNC:43472,
ENSG00000266760.1,ENSEMBL,gene,,,miRNA,MIR4464,3,HGNC:41528,
ENSG00000266761.1,ENSEMBL,gene,,,miRNA,MIR3194,3,HGNC:38346,
ENSG00000266776.1,ENSEMBL,gene,,,miRNA,MIR4646,3,HGNC:41543,
ENSG00000266780.1,ENSEMBL,gene,,,miRNA,MIR4444-2,3,HGNC:43481,
ENSG00000266782.1,ENSEMBL,gene,,,miRNA,MIR3663,3,HGNC:38958,
ENSG00000266802.1,ENSEMBL,gene,,,miRNA,AL031428.2,3,,
ENSG00000266807.1,ENSEMBL,gene,,,miRNA,MIR548H5,3,HGNC:41768,
ENSG00000266808.1,ENSEMBL,gene,,,miRNA,MIR548AE1,3,HGNC:41742,
ENSG00000266827.1,ENSEMBL,gene,,,miRNA,MIR3689E,3,HGNC:41887,
ENSG00000266852.2,ENSEMBL,gene,,,miRNA,MIR4482,3,HGNC:41792,
ENSG00000266855.1,ENSEMBL,gene,,,miRNA,MIR3910-1,3,HGNC:38966,
ENSG00000266887.1,ENSEMBL,gene,,,miRNA,MIR4535,3,HGNC:41629,
ENSG00000266890.1,ENSEMBL,gene,,,miRNA,MIR4634,3,HGNC:41559,
ENSG00000267195.1,ENSEMBL,gene,,,miRNA,MIR212,3,HGNC:31589,
ENSG00000267200.1,ENSEMBL,gene,,,miRNA,MIR132,3,HGNC:31516,
ENSG00000267959.3,ENSEMBL,gene,,,miRNA,MIR3188,3,HGNC:38226,
ENSG00000271886.1,ENSEMBL,gene,,,miRNA,MIR98,3,HGNC:31649,
ENSG00000271898.1,ENSEMBL,gene,,,miRNA,MIR4791,3,HGNC:41704,
ENSG00000271899.1,ENSEMBL,gene,,,miRNA,MIR4466,3,HGNC:41726,
ENSG00000272036.1,ENSEMBL,gene,,,miRNA,MIR139,3,HGNC:31526,
ENSG00000272080.1,ENSEMBL,gene,,,miRNA,MIR502,3,HGNC:32136,
ENSG00000272230.1,ENSEMBL,gene,,,miRNA,MIR3666,3,HGNC:38940,
ENSG00000272380.1,ENSEMBL,gene,,,miRNA,MIR3976,3,HGNC:41578,
ENSG00000273500.1,ENSEMBL,gene,,,miRNA,MIR6129,3,HGNC:50220,
ENSG00000273555.1,ENSEMBL,gene,,,miRNA,MIR6812,3,HGNC:50116,
ENSG00000273593.1,ENSEMBL,gene,,,miRNA,MIR7160,3,HGNC:50028,
ENSG00000273606.1,ENSEMBL,gene,,,miRNA,MIR6776,3,HGNC:50193,
ENSG00000273613.1,ENSEMBL,gene,,,miRNA,MIR6511A4,3,HGNC:50188,
ENSG00000273627.1,ENSEMBL,gene,,,miRNA,MIR4726,3,HGNC:41722,
ENSG00000273648.1,ENSEMBL,gene,,,miRNA,MIR8065,3,HGNC:49959,
ENSG00000273657.1,ENSEMBL,gene,,,miRNA,MIR6792,3,HGNC:50054,
ENSG00000273700.1,ENSEMBL,gene,,,miRNA,MIR6760,3,HGNC:49955,
ENSG00000273742.1,ENSEMBL,gene,,,miRNA,MIR6075,3,HGNC:50198,
ENSG00000273745.1,ENSEMBL,gene,,,miRNA,MIR6870,3,HGNC:50184,
ENSG00000273758.1,ENSEMBL,gene,,,miRNA,MIR6790,3,HGNC:50161,
ENSG00000273778.1,ENSEMBL,gene,,,miRNA,MIR6765,3,HGNC:50030,
ENSG00000273836.1,ENSEMBL,gene,,,miRNA,MIR6842,3,HGNC:50254,
ENSG00000273874.1,ENSEMBL,gene,,,miRNA,MIR6859-2,3,HGNC:49954,
ENSG00000273882.1,ENSEMBL,gene,,,miRNA,MIR8066,3,HGNC:50043,
ENSG00000273898.1,ENSEMBL,gene,,,miRNA,MIR6798,3,HGNC:50013,
ENSG00000273912.1,ENSEMBL,gene,,,miRNA,MIR8068,3,HGNC:50238,
ENSG00000273932.1,ENSEMBL,gene,,,miRNA,MIR6877,3,HGNC:50205,
ENSG00000273945.1,ENSEMBL,gene,,,miRNA,MIR6853,3,HGNC:49945,
ENSG00000274025.1,ENSEMBL,gene,,,miRNA,MIR3670-4,3,HGNC:50828,
ENSG00000274034.1,ENSEMBL,gene,,,miRNA,MIR6813,3,HGNC:50017,
ENSG00000274054.1,ENSEMBL,gene,,,miRNA,MIR4727,3,HGNC:41709,
ENSG00000274056.1,ENSEMBL,gene,,,miRNA,MIR6507,3,HGNC:50199,
ENSG00000274060.1,ENSEMBL,gene,,,miRNA,MIR6724-2,3,HGNC:50832,
ENSG00000274066.1,ENSEMBL,gene,,,miRNA,MIR6514,3,HGNC:50147,
ENSG00000274111.1,ENSEMBL,gene,,,miRNA,MIR6777,3,HGNC:50173,
ENSG00000274115.1,ENSEMBL,gene,,,miRNA,MIR6081,3,HGNC:50151,
ENSG00000274134.1,ENSEMBL,gene,,,miRNA,MIR6774,3,HGNC:50202,
ENSG00000274258.1,ENSEMBL,gene,,,miRNA,MIR6728,3,HGNC:49961,
ENSG00000274263.1,ENSEMBL,gene,,,miRNA,MIR7702,3,HGNC:50216,
ENSG00000274280.1,ENSEMBL,gene,,,miRNA,MIR6069,3,HGNC:50124,
ENSG00000274300.1,ENSEMBL,gene,,,miRNA,MIR6864,3,HGNC:50226,
ENSG00000274306.1,ENSEMBL,gene,,,miRNA,MIR5088,3,HGNC:43489,
ENSG00000274314.1,ENSEMBL,gene,,,miRNA,MIR6749,3,HGNC:50087,
ENSG00000274380.1,ENSEMBL,gene,,,miRNA,MIR6801,3,HGNC:50178,
ENSG00000274390.1,ENSEMBL,gene,,,miRNA,MIR6885,3,HGNC:50221,
ENSG00000274417.1,ENSEMBL,gene,,,miRNA,MIR6515,3,HGNC:50227,
ENSG00000274466.1,ENSEMBL,gene,,,miRNA,MIR1273H,3,HGNC:49973,
ENSG00000274494.1,ENSEMBL,gene,,,miRNA,MIR6832,3,HGNC:50140,
ENSG00000274552.1,ENSEMBL,gene,,,miRNA,MIR6889,3,HGNC:50014,
ENSG00000274620.1,ENSEMBL,gene,,,miRNA,MIR378J,3,HGNC:49979,
ENSG00000274621.1,ENSEMBL,gene,,,miRNA,MIR6867,3,HGNC:50134,
ENSG00000274697.1,ENSEMBL,gene,,,miRNA,MIR6761,3,HGNC:49949,
ENSG00000274705.2,ENSEMBL,gene,,,miRNA,MIR486-1,3,HGNC:32342,
ENSG00000274713.1,ENSEMBL,gene,,,miRNA,MIR7974,3,HGNC:49992,
ENSG00000274770.1,ENSEMBL,gene,,,miRNA,MIR6128,3,HGNC:50109,
ENSG00000274805.1,ENSEMBL,gene,,,miRNA,MIR6768,3,HGNC:50264,
ENSG00000274809.1,ENSEMBL,gene,,,miRNA,MIR6078,3,HGNC:50136,
ENSG00000274816.1,ENSEMBL,gene,,,miRNA,MIR6772,3,HGNC:50064,
ENSG00000274822.1,ENSEMBL,gene,,,miRNA,MIR6762,3,HGNC:50168,
ENSG00000274824.1,ENSEMBL,gene,,,miRNA,MIR7152,3,HGNC:50257,
ENSG00000274838.1,ENSEMBL,gene,,,miRNA,MIR6788,3,HGNC:50078,
ENSG00000274932.1,ENSEMBL,gene,,,miRNA,MIR7150,3,HGNC:49982,
ENSG00000274940.1,ENSEMBL,gene,,,miRNA,MIR8083,3,HGNC:50211,
ENSG00000274969.1,ENSEMBL,gene,,,miRNA,MIR6771,3,HGNC:50212,
ENSG00000274986.1,ENSEMBL,gene,,,miRNA,MIR6750,3,HGNC:49965,
ENSG00000274988.1,ENSEMBL,gene,,,miRNA,MIR6876,3,HGNC:50181,
ENSG00000274994.1,ENSEMBL,gene,,,miRNA,MIR8056,3,HGNC:49948,
ENSG00000274999.1,ENSEMBL,gene,,,miRNA,MIR8052,3,HGNC:50252,
ENSG00000275022.1,ENSEMBL,gene,,,miRNA,MIR6753,3,HGNC:50255,
ENSG00000275036.1,ENSEMBL,gene,,,miRNA,MIR8086,3,HGNC:50107,
ENSG00000275067.1,ENSEMBL,gene,,,miRNA,MIR6825,3,HGNC:50208,
ENSG00000275101.1,ENSEMBL,gene,,,miRNA,MIR6766,3,HGNC:49941,
ENSG00000275107.1,ENSEMBL,gene,,,miRNA,MIR6782,3,HGNC:50270,
ENSG00000275109.1,ENSEMBL,gene,,,miRNA,MIR6504,3,HGNC:49976,
ENSG00000275110.1,ENSEMBL,gene,,,miRNA,AL928646.1,3,,
ENSG00000275141.1,ENSEMBL,gene,,,miRNA,MIR6888,3,HGNC:50071,
ENSG00000275166.1,ENSEMBL,gene,,,miRNA,MIR6814,3,HGNC:50145,
ENSG00000275167.1,ENSEMBL,gene,,,miRNA,MIR6815,3,HGNC:50225,
ENSG00000275207.1,ENSEMBL,gene,,,miRNA,MIR6740,3,HGNC:50082,
ENSG00000275208.1,ENSEMBL,gene,,,miRNA,MIR6745,3,HGNC:50106,
ENSG00000275238.1,ENSEMBL,gene,,,miRNA,MIR4734,3,HGNC:41572,
ENSG00000275259.1,ENSEMBL,gene,,,miRNA,MIR6511A1,3,HGNC:50119,
ENSG00000275273.1,ENSEMBL,gene,,,miRNA,MIR6780A,3,HGNC:50069,
ENSG00000275334.1,ENSEMBL,gene,,,miRNA,MIR5787,3,HGNC:49930,
ENSG00000275335.1,ENSEMBL,gene,,,miRNA,MIR8088,3,HGNC:50167,
ENSG00000275344.1,ENSEMBL,gene,,,miRNA,MIR6503,3,HGNC:49968,
ENSG00000275360.1,ENSEMBL,gene,,,miRNA,MIR6868,3,HGNC:50096,
ENSG00000275373.1,ENSEMBL,gene,,,miRNA,MIR6124,3,HGNC:50200,
ENSG00000275377.1,ENSEMBL,gene,,,miRNA,MIR1299,3,HGNC:35290,
ENSG00000275391.1,ENSEMBL,gene,,,miRNA,MIR6770-3,3,HGNC:50034,
ENSG00000275411.1,ENSEMBL,gene,,,miRNA,MIR6882,3,HGNC:49928,
ENSG00000275429.1,ENSEMBL,gene,,,miRNA,MIR6862-1,3,HGNC:50052,
ENSG00000275449.1,ENSEMBL,gene,,,miRNA,MIR6859-3,3,HGNC:50248,
ENSG00000275451.1,ENSEMBL,gene,,,miRNA,MIR6085,3,HGNC:50002,
ENSG00000275453.2,ENSEMBL,gene,,,miRNA,MIR548O2,3,HGNC:41882,
ENSG00000275455.1,ENSEMBL,gene,,,miRNA,MIR7852,3,HGNC:50201,
ENSG00000275458.1,ENSEMBL,gene,,,miRNA,MIR6809,3,HGNC:49926,
ENSG00000275469.1,ENSEMBL,gene,,,miRNA,MIR6130,3,HGNC:50156,
ENSG00000275518.1,ENSEMBL,gene,,,miRNA,MIR6718,3,HGNC:50195,
ENSG00000275519.1,ENSEMBL,gene,,,miRNA,MIR6804,3,HGNC:50253,
ENSG00000275523.1,ENSEMBL,gene,,,miRNA,MIR6508,3,HGNC:50217,
ENSG00000275640.1,ENSEMBL,gene,,,miRNA,MIR6793,3,HGNC:50251,
ENSG00000275651.1,ENSEMBL,gene,,,miRNA,MIR6851,3,HGNC:50083,
ENSG00000275652.1,ENSEMBL,gene,,,miRNA,MIR6796,3,HGNC:50186,
ENSG00000275667.1,ENSEMBL,gene,,,miRNA,MIR6839,3,HGNC:49953,
ENSG00000275669.1,ENSEMBL,gene,,,miRNA,MIR6744,3,HGNC:50051,
ENSG00000275670.1,ENSEMBL,gene,,,miRNA,MIR8076,3,HGNC:49997,
ENSG00000275692.1,ENSEMBL,gene,,,miRNA,MIR6724-4,3,HGNC:50830,
ENSG00000275708.1,ENSEMBL,gene,,,miRNA,MIR3648-1,3,HGNC:38941,
ENSG00000275711.1,ENSEMBL,gene,,,miRNA,MIR6795,3,HGNC:50031,
ENSG00000275726.1,ENSEMBL,gene,,,miRNA,MIR6088,3,HGNC:50164,
ENSG00000275770.1,ENSEMBL,gene,,,miRNA,MIR6505,3,HGNC:50104,
ENSG00000275789.1,ENSEMBL,gene,,,miRNA,MIR8064,3,HGNC:50236,
ENSG00000275810.1,ENSEMBL,gene,,,miRNA,MIR8082,3,HGNC:50111,
ENSG00000275816.1,ENSEMBL,gene,,,miRNA,MIR6500,3,HGNC:49935,
ENSG00000275836.1,ENSEMBL,gene,,,miRNA,MIR6068,3,HGNC:50261,
ENSG00000275842.1,ENSEMBL,gene,,,miRNA,MIR941-5,3,HGNC:50845,
ENSG00000275863.1,ENSEMBL,gene,,,miRNA,MIR7975,3,HGNC:49967,
ENSG00000275868.1,ENSEMBL,gene,,,miRNA,MIR8054,3,HGNC:50177,
ENSG00000275924.1,ENSEMBL,gene,,,miRNA,MIR6807,3,HGNC:50191,
ENSG00000275950.1,ENSEMBL,gene,,,miRNA,MIR6724-1,3,HGNC:50837,
ENSG00000275967.1,ENSEMBL,gene,,,miRNA,MIR6880,3,HGNC:50187,
ENSG00000276029.1,ENSEMBL,gene,,,miRNA,MIR4477A,3,HGNC:41859,
ENSG00000276081.1,ENSEMBL,gene,,,miRNA,MIR7156,3,HGNC:50023,
ENSG00000276083.1,ENSEMBL,gene,,,miRNA,MIR7976,3,HGNC:50092,
ENSG00000276102.1,ENSEMBL,gene,,,miRNA,MIR6747,3,HGNC:50027,
ENSG00000276124.1,ENSEMBL,gene,,,miRNA,MIR6855,3,HGNC:50061,
ENSG00000276137.1,ENSEMBL,gene,,,miRNA,MIR6133,3,HGNC:50007,
ENSG00000276147.1,ENSEMBL,gene,,,miRNA,MIR548AY,3,HGNC:49943,
ENSG00000276158.2,ENSEMBL,gene,,,miRNA,MIR1264,3,HGNC:35246,
ENSG00000276162.1,ENSEMBL,gene,,,miRNA,MIR5739,3,HGNC:49977,
ENSG00000276169.1,ENSEMBL,gene,,,miRNA,MIR6871,3,HGNC:49964,
ENSG00000276176.1,ENSEMBL,gene,,,miRNA,MIR6090,3,HGNC:50204,
ENSG00000276181.1,ENSEMBL,gene,,,miRNA,MIR6794,3,HGNC:50117,
ENSG00000276221.1,ENSEMBL,gene,,,miRNA,MIR8057,3,HGNC:49960,
ENSG00000276270.1,ENSEMBL,gene,,,miRNA,MIR6799,3,HGNC:50162,
ENSG00000276311.1,ENSEMBL,gene,,,miRNA,MIR6511A3,3,HGNC:50265,
ENSG00000276326.1,ENSEMBL,gene,,,miRNA,MIR2909,3,HGNC:38372,
ENSG00000276350.1,ENSEMBL,gene,,,miRNA,MIR6858,3,HGNC:50250,
ENSG00000276352.2,ENSEMBL,gene,,,miRNA,MIR668,3,HGNC:33135,
ENSG00000276365.1,ENSEMBL,gene,,,miRNA,MIR145,3,HGNC:31532,
ENSG00000276404.1,ENSEMBL,gene,,,miRNA,MIR6835,3,HGNC:49963,
ENSG00000276479.1,ENSEMBL,gene,,,miRNA,MIR548AZ,3,HGNC:49981,
ENSG00000276489.1,ENSEMBL,gene,,,miRNA,MIR6829,3,HGNC:50055,
ENSG00000276575.1,ENSEMBL,gene,,,miRNA,MIR6895,3,HGNC:50210,
ENSG00000276584.1,ENSEMBL,gene,,,miRNA,MIR6737,3,HGNC:50273,
ENSG00000276598.1,ENSEMBL,gene,,,miRNA,MIR6893,3,HGNC:50130,
ENSG00000276622.1,ENSEMBL,gene,,,miRNA,MIR6499,3,HGNC:49962,
ENSG00000276639.1,ENSEMBL,gene,,,miRNA,MIR7154,3,HGNC:49972,
ENSG00000276641.1,ENSEMBL,gene,,,miRNA,MIR6769A,3,HGNC:50079,
ENSG00000276656.1,ENSEMBL,gene,,,miRNA,MIR6083,3,HGNC:50076,
ENSG00000276712.1,ENSEMBL,gene,,,miRNA,MIR7111,3,HGNC:50073,
ENSG00000276733.1,ENSEMBL,gene,,,miRNA,MIR7158,3,HGNC:49971,
ENSG00000276753.1,ENSEMBL,gene,,,miRNA,MIR6821,3,HGNC:49980,
ENSG00000276765.1,ENSEMBL,gene,,,miRNA,MIR8073,3,HGNC:50131,
ENSG00000276769.1,ENSEMBL,gene,,,miRNA,MIR6752,3,HGNC:50020,
ENSG00000276770.1,ENSEMBL,gene,,,miRNA,MIR6780B,3,HGNC:50237,
ENSG00000276824.1,ENSEMBL,gene,,,miRNA,MIR7159,3,HGNC:49978,
ENSG00000276830.1,ENSEMBL,gene,,,miRNA,MIR6730,3,HGNC:50222,
ENSG00000276835.2,ENSEMBL,gene,,,miRNA,MIR6127,3,HGNC:50163,
ENSG00000276857.1,ENSEMBL,gene,,,miRNA,MIR6715A,3,HGNC:49996,
ENSG00000276866.1,ENSEMBL,gene,,,miRNA,MIR7151,3,HGNC:50170,
ENSG00000276869.1,ENSEMBL,gene,,,miRNA,MIR6729,3,HGNC:50103,
ENSG00000276878.1,ENSEMBL,gene,,,miRNA,MIR6074,3,HGNC:50060,
ENSG00000276917.1,ENSEMBL,gene,,,miRNA,MIR8080,3,HGNC:49989,
ENSG00000276926.1,ENSEMBL,gene,,,miRNA,MIR6797,3,HGNC:50169,
ENSG00000276941.1,ENSEMBL,gene,,,miRNA,MIR4509-1,3,HGNC:41860,
ENSG00000276961.1,ENSEMBL,gene,,,miRNA,MIR7848,3,HGNC:50058,
ENSG00000277014.1,ENSEMBL,gene,,,miRNA,MIR3179-4,3,HGNC:50838,
ENSG00000277052.1,ENSEMBL,gene,,,miRNA,MIR6763,3,HGNC:50139,
ENSG00000277057.1,ENSEMBL,gene,,,miRNA,MIR6779,3,HGNC:50148,
ENSG00000277063.1,ENSEMBL,gene,,,miRNA,MIR8084,3,HGNC:50075,
ENSG00000277073.1,ENSEMBL,gene,,,miRNA,MIR6131,3,HGNC:49929,
ENSG00000277120.5,ENSEMBL,gene,,,miRNA,MIR6089,3,HGNC:50179,
ENSG00000277120.5_PAR_Y,ENSEMBL,gene,,,miRNA,MIR6089,3,HGNC:50179,
ENSG00000277138.1,ENSEMBL,gene,,,miRNA,MIR6509,3,HGNC:50207,
ENSG00000277202.1,ENSEMBL,gene,,,miRNA,MIR8063,3,HGNC:50088,
ENSG00000277249.1,ENSEMBL,gene,,,miRNA,MIR6784,3,HGNC:49988,
ENSG00000277255.1,ENSEMBL,gene,,,miRNA,MIR7854,3,HGNC:50047,
ENSG00000277264.1,ENSEMBL,gene,,,miRNA,MIR6833,3,HGNC:50245,
ENSG00000277379.1,ENSEMBL,gene,,,miRNA,MIR6724-3,3,HGNC:50842,
ENSG00000277387.1,ENSEMBL,gene,,,miRNA,MIR8058,3,HGNC:50018,
ENSG00000277388.1,ENSEMBL,gene,,,miRNA,MIR8053,3,HGNC:50137,
ENSG00000277391.1,ENSEMBL,gene,,,miRNA,MIR6881,3,HGNC:50098,
ENSG00000277402.1,ENSEMBL,gene,,,miRNA,MIR6891,3,HGNC:50243,
ENSG00000277437.1,ENSEMBL,gene,,,miRNA,FP671120.2,3,,
ENSG00000277474.1,ENSEMBL,gene,,,miRNA,MIR6894,3,HGNC:49938,
ENSG00000277478.1,ENSEMBL,gene,,,miRNA,MIR6165,3,HGNC:50197,
ENSG00000277533.1,ENSEMBL,gene,,,miRNA,MIR8077,3,HGNC:50266,
ENSG00000277569.1,ENSEMBL,gene,,,miRNA,MIR6134,3,HGNC:49951,
ENSG00000277588.1,ENSEMBL,gene,,,miRNA,MIR6806,3,HGNC:49937,
ENSG00000277590.1,ENSEMBL,gene,,,miRNA,MIR7845,3,HGNC:50267,
ENSG00000277636.1,ENSEMBL,gene,,,miRNA,MIR8061,3,HGNC:50077,
ENSG00000277681.1,ENSEMBL,gene,,,miRNA,MIR6739,3,HGNC:50165,
ENSG00000277698.1,ENSEMBL,gene,,,miRNA,MIR6770-2,3,HGNC:50115,
ENSG00000277713.1,ENSEMBL,gene,,,miRNA,MIR6856,3,HGNC:50242,
ENSG00000277759.1,ENSEMBL,gene,,,miRNA,MIR6719,3,HGNC:50012,
ENSG00000277784.1,ENSEMBL,gene,,,miRNA,MIR6786,3,HGNC:49970,
ENSG00000277817.1,ENSEMBL,gene,,,miRNA,MIR6738,3,HGNC:49939,
ENSG00000277841.1,ENSEMBL,gene,,,miRNA,MIR5701-2,3,HGNC:43510,
ENSG00000277842.1,ENSEMBL,gene,,,miRNA,MIR6811,3,HGNC:49944,
ENSG00000277872.1,ENSEMBL,gene,,,miRNA,MIR6817,3,HGNC:50112,
ENSG00000277888.1,ENSEMBL,gene,,,miRNA,MIR6846,3,HGNC:50026,
ENSG00000277892.1,ENSEMBL,gene,,,miRNA,MIR6746,3,HGNC:49925,
ENSG00000277904.1,ENSEMBL,gene,,,miRNA,MIR7850,3,HGNC:50118,
ENSG00000277912.1,ENSEMBL,gene,,,miRNA,MIR8089,3,HGNC:50196,
ENSG00000277919.1,ENSEMBL,gene,,,miRNA,MIR8067,3,HGNC:49934,
ENSG00000277942.1,ENSEMBL,gene,,,miRNA,MIR8075,3,HGNC:50172,
ENSG00000278034.1,ENSEMBL,gene,,,miRNA,MIR6731,3,HGNC:50036,
ENSG00000278038.1,ENSEMBL,gene,,,miRNA,MIR6076,3,HGNC:50232,
ENSG00000278069.1,ENSEMBL,gene,,,miRNA,MIR6072,3,HGNC:50144,
ENSG00000278073.1,ENSEMBL,gene,,,miRNA,MIR6726,3,HGNC:50009,
ENSG00000278098.1,ENSEMBL,gene,,,miRNA,MIR7973-1,3,HGNC:50040,
ENSG00000278103.1,ENSEMBL,gene,,,miRNA,MIR8060,3,HGNC:50180,
ENSG00000278108.1,ENSEMBL,gene,,,miRNA,MIR6757,3,HGNC:50160,
ENSG00000278159.1,ENSEMBL,gene,,,miRNA,MIR8062,3,HGNC:49975,
ENSG00000278204.1,ENSEMBL,gene,,,miRNA,MIR6857,3,HGNC:50263,
ENSG00000278221.1,ENSEMBL,gene,,,miRNA,MIR6511A2,3,HGNC:50150,
ENSG00000278223.1,ENSEMBL,gene,,,miRNA,MIR6783,3,HGNC:50159,
ENSG00000278264.1,ENSEMBL,gene,,,miRNA,MIR6803,3,HGNC:50035,
ENSG00000278265.1,ENSEMBL,gene,,,miRNA,MIR6770-1,3,HGNC:50223,
ENSG00000278267.1,ENSEMBL,gene,,,miRNA,MIR6859-1,3,HGNC:50039,
ENSG00000278278.1,ENSEMBL,gene,,,miRNA,MIR6816,3,HGNC:50256,
ENSG00000278281.1,ENSEMBL,gene,,,miRNA,MIR7856,3,HGNC:50268,
ENSG00000278328.1,ENSEMBL,gene,,,miRNA,MIR6802,3,HGNC:50154,
ENSG00000278340.1,ENSEMBL,gene,,,miRNA,MIR6862-2,3,HGNC:50192,
ENSG00000278349.1,ENSEMBL,gene,,,miRNA,MIR6754,3,HGNC:50203,
ENSG00000278359.1,ENSEMBL,gene,,,miRNA,MIR7155,3,HGNC:50005,
ENSG00000278412.1,ENSEMBL,gene,,,miRNA,MIR6854,3,HGNC:50084,
ENSG00000278418.1,ENSEMBL,gene,,,miRNA,MIR6512,3,HGNC:50259,
ENSG00000278420.1,ENSEMBL,gene,,,miRNA,MIR6819,3,HGNC:50155,
ENSG00000278433.1,ENSEMBL,gene,,,miRNA,MIR6070,3,HGNC:49950,
ENSG00000278438.1,ENSEMBL,gene,,,miRNA,MIR7849,3,HGNC:50166,
ENSG00000278447.1,ENSEMBL,gene,,,miRNA,MIR6781,3,HGNC:50185,
ENSG00000278449.1,ENSEMBL,gene,,,miRNA,MIR6892,3,HGNC:50053,
ENSG00000278465.1,ENSEMBL,gene,,,miRNA,MIR6769B,3,HGNC:50016,
ENSG00000278502.1,ENSEMBL,gene,,,miRNA,MIR6082,3,HGNC:49984,
ENSG00000278517.1,ENSEMBL,gene,,,miRNA,MIR6865,3,HGNC:50182,
ENSG00000278520.1,ENSEMBL,gene,,,miRNA,MIR7851,3,HGNC:50127,
ENSG00000278524.1,ENSEMBL,gene,,,miRNA,MIR6810,3,HGNC:49987,
ENSG00000278549.1,ENSEMBL,gene,,,miRNA,MIR6736,3,HGNC:50072,
ENSG00000278596.1,ENSEMBL,gene,,,miRNA,MIR6077,3,HGNC:50025,
ENSG00000278598.1,ENSEMBL,gene,,,miRNA,MIR6775,3,HGNC:50100,
ENSG00000278617.1,ENSEMBL,gene,,,miRNA,MIR8074,3,HGNC:50105,
ENSG00000278618.1,ENSEMBL,gene,,,miRNA,MIR8069-2,3,HGNC:50836,
ENSG00000278658.1,ENSEMBL,gene,,,miRNA,MIR6826,3,HGNC:50001,
ENSG00000278672.1,ENSEMBL,gene,,,miRNA,MIR8059,3,HGNC:50068,
ENSG00000278739.1,ENSEMBL,gene,,,miRNA,MIR6859-4,3,HGNC:50840,
ENSG00000278756.1,ENSEMBL,gene,,,miRNA,MIR6722,3,HGNC:49927,
ENSG00000278783.1,ENSEMBL,gene,,,miRNA,MIR6071,3,HGNC:50229,
ENSG00000278799.1,ENSEMBL,gene,,,miRNA,MIR6823,3,HGNC:49952,
ENSG00000278851.1,ENSEMBL,gene,,,miRNA,MIR6879,3,HGNC:49957,
ENSG00000280773.2,ENSEMBL,gene,,,miRNA,AP003304.1,3,,
ENSG00000280968.1,ENSEMBL,gene,,,miRNA,AC002059.2,3,,
ENSG00000281156.1,ENSEMBL,gene,,,miRNA,MIR3651,3,HGNC:38897,
ENSG00000281696.1,ENSEMBL,gene,,,miRNA,MIR664A,3,HGNC:35370,
ENSG00000281842.2,ENSEMBL,gene,,,miRNA,MIR1291,3,HGNC:35284,
ENSG00000283126.1,ENSEMBL,gene,,,miRNA,MIR1297,3,HGNC:35289,
ENSG00000283146.1,ENSEMBL,gene,,,miRNA,MIR548AU,3,HGNC:43483,
ENSG00000283159.1,ENSEMBL,gene,,,miRNA,MIR665,3,HGNC:33662,
ENSG00000283160.1,ENSEMBL,gene,,,miRNA,MIR4521,3,HGNC:41813,
ENSG00000283170.1,ENSEMBL,gene,,,miRNA,MIR382,3,HGNC:31875,
ENSG00000283180.1,ENSEMBL,gene,,,miRNA,MIR6767,3,HGNC:50133,
ENSG00000283188.1,ENSEMBL,gene,,,miRNA,MIR2052,3,HGNC:37068,
ENSG00000283193.1,ENSEMBL,gene,,,miRNA,MIR1243,3,HGNC:35304,
ENSG00000283203.1,ENSEMBL,gene,,,miRNA,MIR1246,3,HGNC:35312,
ENSG00000283204.1,ENSEMBL,gene,,,miRNA,MIR4434,3,HGNC:41832,
ENSG00000283206.1,ENSEMBL,gene,,,miRNA,MIR941-1,3,HGNC:33684,
ENSG00000283207.1,ENSEMBL,gene,,,miRNA,MIR1255B1,3,HGNC:35366,
ENSG00000283210.1,ENSEMBL,gene,,,miRNA,MIR1322,3,HGNC:35374,
ENSG00000283218.1,ENSEMBL,gene,,,miRNA,MIR302F,3,HGNC:35349,
ENSG00000283242.1,ENSEMBL,gene,,,miRNA,MIR384,3,HGNC:31878,
ENSG00000283275.1,ENSEMBL,gene,,,miRNA,MIR4275,3,HGNC:38293,
ENSG00000283279.1,ENSEMBL,gene,,,miRNA,MIR376C,3,HGNC:31782,
ENSG00000283281.1,ENSEMBL,gene,,,miRNA,MIR7978,3,HGNC:50113,
ENSG00000283289.1,ENSEMBL,gene,,,miRNA,MIR524,3,HGNC:32110,
ENSG00000283296.1,ENSEMBL,gene,,,miRNA,MIR4256,3,HGNC:38388,
ENSG00000283298.1,ENSEMBL,gene,,,miRNA,MIR4272,3,HGNC:38303,
ENSG00000283326.1,ENSEMBL,gene,,,miRNA,MIR6860,3,HGNC:50086,
ENSG00000283327.1,ENSEMBL,gene,,,miRNA,MIR6841,3,HGNC:50070,
ENSG00000283330.1,ENSEMBL,gene,,,miRNA,MIR518D,3,HGNC:32121,
ENSG00000283333.1,ENSEMBL,gene,,,miRNA,MIR7977,3,HGNC:49969,
ENSG00000283343.1,ENSEMBL,gene,,,miRNA,MIR4320,3,HGNC:38369,
ENSG00000283346.1,ENSEMBL,gene,,,miRNA,MIR6511B2,3,HGNC:50230,
ENSG00000283359.1,ENSEMBL,gene,,,miRNA,MIR3977,3,HGNC:41721,
ENSG00000283409.1,ENSEMBL,gene,,,miRNA,MIR3662,3,HGNC:38983,
ENSG00000283416.1,ENSEMBL,gene,,,miRNA,MIR1910,3,HGNC:35394,
ENSG00000283419.1,ENSEMBL,gene,,,miRNA,MIR6874,3,HGNC:50146,
ENSG00000283429.1,ENSEMBL,gene,,,miRNA,MIR1244-3,3,HGNC:38390,
ENSG00000283435.1,ENSEMBL,gene,,,miRNA,MIR1321,3,HGNC:35373,
ENSG00000283455.1,ENSEMBL,gene,,,miRNA,MIR523,3,HGNC:32103,
ENSG00000283468.1,ENSEMBL,gene,,,miRNA,MIR4454,3,HGNC:41553,
ENSG00000283471.1,ENSEMBL,gene,,,miRNA,MIR6863,3,HGNC:49942,
ENSG00000283474.1,ENSEMBL,gene,,,miRNA,MIR6828,3,HGNC:50057,
ENSG00000283475.1,ENSEMBL,gene,,,miRNA,MIR1244-4,3,HGNC:50831,
ENSG00000283477.1,ENSEMBL,gene,,,miRNA,MIR6079,3,HGNC:50114,
ENSG00000283487.1,ENSEMBL,gene,,,miRNA,MIR4501,3,HGNC:41650,
ENSG00000283490.1,ENSEMBL,gene,,,miRNA,MIR518C,3,HGNC:32109,
ENSG00000283492.1,ENSEMBL,gene,,,miRNA,MIR7153,3,HGNC:50190,
ENSG00000283493.1,ENSEMBL,gene,,,miRNA,MIR6086,3,HGNC:49986,
ENSG00000283498.1,ENSEMBL,gene,,,miRNA,MIR1244-2,3,HGNC:38321,
ENSG00000283506.1,ENSEMBL,gene,,,miRNA,MIR7157,3,HGNC:50010,
ENSG00000283507.1,ENSEMBL,gene,,,miRNA,MIR1302-1,3,HGNC:35293,
ENSG00000283513.1,ENSEMBL,gene,,,miRNA,MIR941-3,3,HGNC:33686,
ENSG00000283514.1,ENSEMBL,gene,,,miRNA,MIR3975,3,HGNC:41613,
ENSG00000283532.1,ENSEMBL,gene,,,miRNA,MIR4317,3,HGNC:38260,
ENSG00000283540.1,ENSEMBL,gene,,,miRNA,MIR520F,3,HGNC:32096,
ENSG00000283550.1,ENSEMBL,gene,,,miRNA,MIR2054,3,HGNC:37070,
ENSG00000283556.1,ENSEMBL,gene,,,miRNA,MIR376B,3,HGNC:32066,
ENSG00000283561.1,ENSEMBL,gene,,,miRNA,MIR376A2,3,HGNC:32532,
ENSG00000283572.1,ENSEMBL,gene,,,miRNA,MIR4251,3,HGNC:38370,
ENSG00000283588.1,ENSEMBL,gene,,,miRNA,MIR376A1,3,HGNC:31869,
ENSG00000283591.1,ENSEMBL,gene,,,miRNA,MIR4430,3,HGNC:41646,
ENSG00000283603.1,ENSEMBL,gene,,,miRNA,MIR4302,3,HGNC:38185,
ENSG00000283614.1,ENSEMBL,gene,,,miRNA,MIR7973-2,3,HGNC:50080,
ENSG00000283615.1,ENSEMBL,gene,,,miRNA,MIR924,3,HGNC:33674,
ENSG00000283622.1,ENSEMBL,gene,,,miRNA,MIR4328,3,HGNC:38280,
ENSG00000283639.1,ENSEMBL,gene,,,miRNA,MIR9500,3,HGNC:50841,
ENSG00000283645.1,ENSEMBL,gene,,,miRNA,MIR5583-2,3,HGNC:43471,
ENSG00000283656.1,ENSEMBL,gene,,,miRNA,MIR4483,3,HGNC:41761,
ENSG00000283665.1,ENSEMBL,gene,,,miRNA,MIR3974,3,HGNC:41672,
ENSG00000283672.1,ENSEMBL,gene,,,miRNA,MIR4678,3,HGNC:41717,
ENSG00000283673.1,ENSEMBL,gene,,,miRNA,MIR4531,3,HGNC:41872,
ENSG00000283676.1,ENSEMBL,gene,,,miRNA,MIR5087,3,HGNC:43480,
ENSG00000283678.1,ENSEMBL,gene,,,miRNA,MIR6830,3,HGNC:49966,
ENSG00000283682.1,ENSEMBL,gene,,,miRNA,MIR548AH,3,HGNC:41605,
ENSG00000283685.1,ENSEMBL,gene,,,miRNA,MIR522,3,HGNC:32127,
ENSG00000283699.1,ENSEMBL,gene,,,miRNA,MIR4481,3,HGNC:41781,
ENSG00000283701.1,ENSEMBL,gene,,,miRNA,MIR555,3,HGNC:32811,
ENSG00000283704.1,ENSEMBL,gene,,,miRNA,AP003392.15,3,,
ENSG00000283712.1,ENSEMBL,gene,,,miRNA,MIR6727,3,HGNC:50171,
ENSG00000283717.1,ENSEMBL,gene,,,miRNA,MIR6831,3,HGNC:49936,
ENSG00000283721.1,ENSEMBL,gene,,,miRNA,MIR6884,3,HGNC:50091,
ENSG00000283724.1,ENSEMBL,gene,,,miRNA,MIR6732,3,HGNC:50066,
ENSG00000283726.1,ENSEMBL,gene,,,miRNA,MIR5193,3,HGNC:43534,
ENSG00000283728.1,ENSEMBL,gene,,,miRNA,MIR7108,3,HGNC:49998,
ENSG00000283749.1,ENSEMBL,gene,,,miRNA,MIR4781,3,HGNC:41769,
ENSG00000283751.1,ENSEMBL,gene,,,miRNA,MIR452,3,HGNC:32054,
ENSG00000283764.1,ENSEMBL,gene,,,miRNA,MIR6850,3,HGNC:50093,
ENSG00000283768.1,ENSEMBL,gene,,,miRNA,MIR1178,3,HGNC:35259,
ENSG00000283770.1,ENSEMBL,gene,,,miRNA,MIR6849,3,HGNC:49991,
ENSG00000283772.1,ENSEMBL,gene,,,miRNA,MIR6778,3,HGNC:50183,
ENSG00000283774.1,ENSEMBL,gene,,,miRNA,MIR632,3,HGNC:32888,
ENSG00000283785.1,ENSEMBL,gene,,,miRNA,MIR15A,3,HGNC:31543,
ENSG00000283788.1,ENSEMBL,gene,,,miRNA,MIR936,3,HGNC:33679,
ENSG00000283789.1,ENSEMBL,gene,,,miRNA,MIR7846,3,HGNC:50029,
ENSG00000283793.1,ENSEMBL,gene,,,miRNA,MIR6861,3,HGNC:50129,
ENSG00000283796.1,ENSEMBL,gene,,,miRNA,MIR6510,3,HGNC:50101,
ENSG00000283821.1,ENSEMBL,gene,,,miRNA,MIR6875,3,HGNC:50015,
ENSG00000283840.1,ENSEMBL,gene,,,miRNA,MIR6764,3,HGNC:49994,
ENSG00000283845.1,ENSEMBL,gene,,,miRNA,MIR4721,3,HGNC:41609,
ENSG00000283853.1,ENSEMBL,gene,,,miRNA,MIR4738,3,HGNC:41679,
ENSG00000283856.1,ENSEMBL,gene,,,miRNA,MIR7703,3,HGNC:50271,
ENSG00000283867.1,ENSEMBL,gene,,,miRNA,MIR1307,3,HGNC:35372,
ENSG00000283871.1,ENSEMBL,gene,,,miRNA,MIR130B,3,HGNC:31515,
ENSG00000283876.1,ENSEMBL,gene,,,miRNA,MIR4260,3,HGNC:38179,
ENSG00000283891.1,ENSEMBL,gene,,,miRNA,MIR628,3,HGNC:32884,
ENSG00000283894.1,ENSEMBL,gene,,,miRNA,MIR1324,3,HGNC:35377,
ENSG00000283899.1,ENSEMBL,gene,,,miRNA,MIR761,3,HGNC:37305,
ENSG00000283928.1,ENSEMBL,gene,,,miRNA,MIR637,3,HGNC:32893,
ENSG00000283929.1,ENSEMBL,gene,,,miRNA,MIR5010,3,HGNC:43484,
ENSG00000283933.1,ENSEMBL,gene,,,miRNA,MIR6878,3,HGNC:50269,
ENSG00000283938.1,ENSEMBL,gene,,,miRNA,MIR3917,3,HGNC:38911,
ENSG00000283950.1,ENSEMBL,gene,,,miRNA,MIR6791,3,HGNC:50097,
ENSG00000283958.1,ENSEMBL,gene,,,miRNA,MIR1248,3,HGNC:35314,
ENSG00000283969.1,ENSEMBL,gene,,,miRNA,MIR6838,3,HGNC:50050,
ENSG00000283971.1,ENSEMBL,gene,,,miRNA,MIR4442,3,HGNC:41718,
ENSG00000283978.1,ENSEMBL,gene,,,miRNA,MIR365B,3,HGNC:33693,
ENSG00000284008.1,ENSEMBL,gene,,,miRNA,MIR6511B1,3,HGNC:50228,
ENSG00000284015.1,ENSEMBL,gene,,,miRNA,MIR1281,3,HGNC:35359,
ENSG00000284031.1,ENSEMBL,gene,,,miRNA,MIR4761,3,HGNC:41591,
ENSG00000284032.1,ENSEMBL,gene,,,miRNA,MIR29A,3,HGNC:31616,
ENSG00000284034.1,ENSEMBL,gene,,,miRNA,MIR5196,3,HGNC:43542,
ENSG00000284035.1,ENSEMBL,gene,,,miRNA,MIR5187,3,HGNC:43523,
ENSG00000284047.1,ENSEMBL,gene,,,miRNA,MIR6836,3,HGNC:50067,
ENSG00000284049.1,ENSEMBL,gene,,,miRNA,MIR650,3,HGNC:32906,
ENSG00000284054.1,ENSEMBL,gene,,,miRNA,MIR7112,3,HGNC:50149,
ENSG00000284059.1,ENSEMBL,gene,,,miRNA,MIR5572,3,HGNC:43476,
ENSG00000284062.1,ENSEMBL,gene,,,miRNA,MIR4469,3,HGNC:41556,
ENSG00000284064.1,ENSEMBL,gene,,,miRNA,MIR6834,3,HGNC:50108,
ENSG00000284074.1,ENSEMBL,gene,,,miRNA,MIR4758,3,HGNC:41836,
ENSG00000284082.1,ENSEMBL,gene,,,miRNA,MIR7109,3,HGNC:50122,
ENSG00000284087.1,ENSEMBL,gene,,,miRNA,MIR6844,3,HGNC:50135,
ENSG00000284092.1,ENSEMBL,gene,,,miRNA,MIR5703,3,HGNC:43475,
ENSG00000284114.1,ENSEMBL,gene,,,miRNA,MIR6800,3,HGNC:50042,
ENSG00000284117.1,ENSEMBL,gene,,,miRNA,MIR6883,3,HGNC:50019,
ENSG00000284139.1,ENSEMBL,gene,,,miRNA,MIR1234,3,HGNC:33926,
ENSG00000284142.1,ENSEMBL,gene,,,miRNA,MIR6845,3,HGNC:49956,
ENSG00000284144.1,ENSEMBL,gene,,,miRNA,MIR6866,3,HGNC:49932,
ENSG00000284148.1,ENSEMBL,gene,,,miRNA,MIR6756,3,HGNC:49974,
ENSG00000284149.1,ENSEMBL,gene,,,miRNA,MIR4784,3,HGNC:41580,
ENSG00000284152.1,ENSEMBL,gene,,,miRNA,MIR6758,3,HGNC:50038,
ENSG00000284154.1,ENSEMBL,gene,,,miRNA,MIR3605,3,HGNC:38922,
ENSG00000284158.1,ENSEMBL,gene,,,miRNA,MIR6822,3,HGNC:49999,
ENSG00000284159.1,ENSEMBL,gene,,,miRNA,MIR3940,3,HGNC:38893,
ENSG00000284173.1,ENSEMBL,gene,,,miRNA,MIR6513,3,HGNC:50247,
ENSG00000284180.1,ENSEMBL,gene,,,miRNA,MIR3606,3,HGNC:38881,
ENSG00000284195.1,ENSEMBL,gene,,,miRNA,MIR6852,3,HGNC:49993,
ENSG00000284197.1,ENSEMBL,gene,,,miRNA,MIR658,3,HGNC:32914,
ENSG00000284216.1,ENSEMBL,gene,,,miRNA,MIR1909,3,HGNC:35393,
ENSG00000284219.1,ENSEMBL,gene,,,miRNA,MIR202,3,HGNC:32080,
ENSG00000284224.1,ENSEMBL,gene,,,miRNA,MIR937,3,HGNC:33680,
ENSG00000284229.1,ENSEMBL,gene,,,miRNA,MIR6848,3,HGNC:50176,
ENSG00000284231.1,ENSEMBL,gene,,,miRNA,MIR424,3,HGNC:31881,
ENSG00000284246.1,ENSEMBL,gene,,,miRNA,MIR6716,3,HGNC:50048,
ENSG00000284251.1,ENSEMBL,gene,,,miRNA,MIR711,3,HGNC:37316,
ENSG00000284256.1,ENSEMBL,gene,,,miRNA,MIR5004,3,HGNC:43532,
ENSG00000284258.1,ENSEMBL,gene,,,miRNA,MIR8085,3,HGNC:50120,
ENSG00000284259.1,ENSEMBL,gene,,,miRNA,MIR6773,3,HGNC:50132,
ENSG00000284266.1,ENSEMBL,gene,,,miRNA,MIR4534,3,HGNC:41692,
ENSG00000284269.1,ENSEMBL,gene,,,miRNA,MIR7855,3,HGNC:50244,
ENSG00000284272.1,ENSEMBL,gene,,,miRNA,MIR4321,3,HGNC:38244,
ENSG00000284277.1,ENSEMBL,gene,,,miRNA,MIR7162,3,HGNC:50189,
ENSG00000284286.1,ENSEMBL,gene,,,miRNA,MIR718,3,HGNC:37317,
ENSG00000284289.1,ENSEMBL,gene,,,miRNA,MIR6820,3,HGNC:50095,
ENSG00000284293.1,ENSEMBL,gene,,,miRNA,MIR7113,3,HGNC:49947,
ENSG00000284310.1,ENSEMBL,gene,,,miRNA,MIR939,3,HGNC:33682,
ENSG00000284324.1,ENSEMBL,gene,,,miRNA,MIR3175,3,HGNC:38299,
ENSG00000284325.1,ENSEMBL,gene,,,miRNA,MIR3655,3,HGNC:38960,
ENSG00000284329.1,ENSEMBL,gene,,,miRNA,MIR9-3,3,HGNC:31646,
ENSG00000284343.1,ENSEMBL,gene,,,miRNA,MIR631,3,HGNC:32887,
ENSG00000284361.1,ENSEMBL,gene,,,miRNA,MIR4745,3,HGNC:41868,
ENSG00000284363.1,ENSEMBL,gene,,,miRNA,MIR224,3,HGNC:31604,
ENSG00000284368.1,ENSEMBL,gene,,,miRNA,MIR5047,3,HGNC:41834,
ENSG00000284370.1,ENSEMBL,gene,,,miRNA,MIR4640,3,HGNC:41561,
ENSG00000284372.1,ENSEMBL,gene,,,miRNA,MIR6808,3,HGNC:50046,
ENSG00000284388.1,ENSEMBL,gene,,,miRNA,MIR4496,3,HGNC:41569,
ENSG00000284402.1,ENSEMBL,gene,,,miRNA,MIR7107,3,HGNC:50006,
ENSG00000284407.1,ENSEMBL,gene,,,miRNA,MIR5001,3,HGNC:43462,
ENSG00000284415.1,ENSEMBL,gene,,,miRNA,MIR1287,3,HGNC:35280,
ENSG00000284419.1,ENSEMBL,gene,,,miRNA,MIR663A,3,HGNC:32919,
ENSG00000284436.1,ENSEMBL,gene,,,miRNA,MIR6869,3,HGNC:50056,
ENSG00000284446.1,ENSEMBL,gene,,,miRNA,MIR1236,3,HGNC:33925,
ENSG00000284458.1,ENSEMBL,gene,,,miRNA,MIR1304,3,HGNC:35302,
ENSG00000284469.1,ENSEMBL,gene,,,miRNA,MIR6721,3,HGNC:50049,
ENSG00000284485.1,ENSEMBL,gene,,,miRNA,MIR205,3,HGNC:31583,
ENSG00000284488.1,ENSEMBL,gene,,,miRNA,MIR6890,3,HGNC:49990,
ENSG00000284489.1,ENSEMBL,gene,,,miRNA,MIR6751,3,HGNC:49983,
ENSG00000284498.1,ENSEMBL,gene,,,miRNA,MIR564,3,HGNC:32820,
ENSG00000284508.1,ENSEMBL,gene,,,miRNA,MIR133A2,3,HGNC:31518,
ENSG00000284517.1,ENSEMBL,gene,,,miRNA,MIR6873,3,HGNC:50231,
ENSG00000284518.1,ENSEMBL,gene,,,miRNA,MIR4658,3,HGNC:41673,
ENSG00000284519.1,ENSEMBL,gene,,,miRNA,MIR6741,3,HGNC:50004,
ENSG00000284532.1,ENSEMBL,gene,,,miRNA,MIR4723,3,HGNC:41660,
ENSG00000284535.1,ENSEMBL,gene,,,miRNA,MIR6748,3,HGNC:50141,
ENSG00000284550.1,ENSEMBL,gene,,,miRNA,MIR8069-1,3,HGNC:50262,
ENSG00000284553.1,ENSEMBL,gene,,,miRNA,MIR6886,3,HGNC:50121,
ENSG00000284574.1,ENSEMBL,gene,,,miRNA,MIR6787,3,HGNC:50209,
ENSG00000284575.1,ENSEMBL,gene,,,miRNA,MIR4793,3,HGNC:41538,
ENSG00000284585.1,ENSEMBL,gene,,,miRNA,MIR4722,3,HGNC:41782,
ENSG00000284587.1,ENSEMBL,gene,,,miRNA,MIR943,3,HGNC:33689,
ENSG00000284594.1,ENSEMBL,gene,,,miRNA,MIR7847,3,HGNC:50153,
ENSG00000284595.1,ENSEMBL,gene,,,miRNA,MIR6785,3,HGNC:50206,
ENSG00000284596.1,ENSEMBL,gene,,,miRNA,MIR4467,3,HGNC:41896,
